order_id,customer_id,order_status,order_purchase_timestamp,order_approved_at,order_delivered_carrier_date,order_delivered_customer_date,order_estimated_delivery_date
2042abeefae68e63a8aa30edd4b0eb48,a37a37235d7b3be3e2f95747ca589bda,delivered,2018-05-26 23:52:00,2018/5/27 23:49,2018/5/28 14:09,2018/5/30 15:48,2018/6/20 0:00
9e6bc602a2466daa94736f31d1319c5d,8338cddb98bbda6167cbec66540a8942,delivered,2018-05-26 17:57:00,2018/5/26 18:17,2018/5/30 13:12,2018/6/4 22:35,2018/6/29 0:00
b9499283a775ccfa9da92e6e75e9b4b9,d66a67d5008715c5d0fc4c106d596974,delivered,2018-05-26 21:46:00,2018/5/26 22:17,2018/6/6 12:57,2018/6/21 14:28,2018/7/16 0:00
d5feaf42ebb0105f527be0c6dd622b80,d399cd64e15fc776a47839d972c5bb2c,delivered,2018-05-26 16:01:00,2018/5/26 16:18,2018/5/28 14:04,2018/6/6 23:18,2018/6/29 0:00
6c15ee8450a1710e7495723be99f4030,356ead8c97942c8e553f692a81e50ccd,delivered,2018-05-26 00:14:00,2018/5/26 0:31,2018/5/26 8:16,2018/6/14 22:44,2018/7/5 0:00
9eb401aae2d502a73f4a27f97d3bebf5,f13bb2fb4cdf0a6655b9aaf846a73f13,delivered,2018-05-26 21:08:00,2018/5/26 21:37,2018/5/29 13:38,2018/6/13 18:36,2018/7/16 0:00
c0e57db4a4a6ef32aa28911d1c07df81,9630893f817054e899ceb1c9a539817a,delivered,2018-05-26 18:41:00,2018/5/26 18:57,2018/5/28 14:02,2018/6/7 15:05,2018/6/29 0:00
cfb94976becda338ad4171c3c072561c,5f3e95d3aa812f28f4d065e24aae40ce,delivered,2018-05-26 21:35:00,2018/5/26 21:50,2018/5/28 13:05,2018/6/8 23:22,2018/6/28 0:00
88a78af246c6c2db88e72b384796c98c,5f927d5f455d787c64e69dbe0382c5fa,delivered,2018-05-26 18:18:00,2018/5/26 18:30,2018/5/28 13:22,2018/5/29 17:28,2018/6/20 0:00
d48c5a8ece8e3482630f42983dce073a,ab7d332dd43e59effe9d3880a1952cc0,delivered,2018-05-26 09:47:00,2018/5/26 10:19,2018/5/29 12:18,2018/6/21 21:39,2018/7/11 0:00
0c67c33a0a66f1eb55919fb2e68a7a51,ab4d1e8f94270a845f887b71343b4814,delivered,2018-05-26 13:53:00,2018/5/26 14:18,2018/5/28 11:35,2018/6/5 16:08,2018/6/28 0:00
5f42573c60286a6f9d6a3809352c86e0,4b17aa73ba6fa555940aab81c6dbe893,delivered,2018-05-26 19:36:00,2018/5/26 19:49,2018/5/28 13:45,2018/6/1 13:32,2018/7/18 0:00
766f2ea906854dba48165692221f51ce,d9dbc1673f25911995d69582277aed40,delivered,2018-05-26 13:11:00,2018/5/26 13:38,2018/5/28 13:27,2018/6/18 23:58,2018/7/19 0:00
8deb9479ea624f4faf5bcbf20f4499d8,0a9c8e9d3d60525baec492c633d55282,delivered,2018-05-26 15:10:00,2018/5/26 15:38,2018/5/28 14:31,2018/6/18 12:52,2018/7/11 0:00
e3095d728011efc529f2db0e0f4cba46,035aed905c76a63603e6ed5d1d21ae65,delivered,2018-05-26 13:36:00,2018/5/26 13:51,2018/5/29 13:40,2018/6/15 19:51,2018/7/4 0:00
cfd2fa043913decbf8554ea5ce59d723,4a0f043ab94c7e6b5abda776c02ee946,delivered,2018-05-26 21:43:00,2018/5/26 21:55,2018/5/28 15:36,2018/5/29 20:33,2018/6/20 0:00
728bdd52f6c0ce9559950e2486289421,1fb7756db9b41c4632b991eebe03c438,delivered,2018-05-26 09:35:00,2018/5/26 9:50,2018/5/28 14:08,2018/6/7 12:24,2018/6/28 0:00
845686dd9137013d73ed42078be18809,1eef2bcc23c75349976a65957e2e105b,delivered,2018-05-26 13:56:00,2018/5/26 14:18,2018/5/30 19:05,2018/6/1 22:02,2018/6/20 0:00
370cfb4244f1a15b8d60d32fce42c3fd,d6304656af67fcbb83f11a7496be7a32,delivered,2018-05-26 12:49:00,2018/5/26 13:10,2018/5/28 13:58,2018/6/12 23:11,2018/6/28 0:00
d066a1b39a2761019f3109572b3b0db8,97a2701728643f3bb2ede5a9c3a81782,delivered,2018-05-26 12:25:00,2018/5/26 12:35,2018/5/28 7:27,2018/6/11 23:24,2018/7/16 0:00
1eecd2bcaafb81b8fa1c0c28d3de1f32,74a3ec43f4decf8f77dd1049a10b7a83,delivered,2018-05-26 15:41:00,2018/5/26 16:18,2018/5/29 13:28,2018/6/8 23:31,2018/7/5 0:00
0101aea69a09e1aa32caa6dbaba98503,55e153b503a15cf10845bacbb3b4d616,delivered,2018-05-26 13:07:00,2018/5/27 13:10,2018/5/28 14:08,2018/6/16 19:34,2018/7/19 0:00
5a8860de5c94def4edfddc2f88880b2f,d4e2b78958020f76ccb03034b94b1a43,delivered,2018-05-26 13:28:00,2018/5/26 14:35,2018/5/29 13:36,2018/6/6 18:38,2018/7/5 0:00
be55e32a03c6067d7fac887a8f607d11,7222d9a0c96d9a2813e905c54fa170c0,delivered,2018-05-26 03:36:00,2018/5/26 4:22,2018/5/29 15:32,2018/6/5 18:05,2018/7/31 0:00
55567a8e851b2400b53f74ec9b974221,75b55ff7cceeecbc718b1094555f5568,delivered,2018-05-26 19:20:00,2018/5/26 19:38,2018/6/4 13:42,2018/6/14 0:22,2018/6/29 0:00
2cb146ee8dcde5dc2e8dda5bcebe3f47,9eba5d654db88e3e5c4afbbe96787e08,delivered,2018-05-26 10:08:00,2018/5/29 3:15,2018/6/1 14:59,2018/6/4 19:23,2018/6/20 0:00
3ccadf098357a20c809d57a50c3d47ae,7a1ab9788d3a3325c375971012b979eb,delivered,2018-05-26 15:19:00,2018/5/29 3:31,2018/5/29 13:07,2018/6/1 20:40,2018/6/25 0:00
837bf2d48f18fc4d6e2e32cac9941960,c8d7c9a0047bba418f7a0ea9eda4976e,delivered,2018-05-26 12:46:00,2018/5/26 13:10,2018/5/28 15:12,2018/6/8 23:05,2018/7/13 0:00
04782e9b6da0d4326e534dae5dd3e09e,6cd650d55491e2da73465ce4a420afde,delivered,2018-05-26 22:39:00,2018/5/26 22:58,2018/5/29 14:38,2018/6/4 16:37,2018/6/29 0:00
8fb4e4bd46f9802e9179726dd20019a5,b5727de8bdb9c445c8479446733236a5,delivered,2018-05-26 18:16:00,2018/5/26 18:30,2018/5/29 13:49,2018/6/7 23:38,2018/6/20 0:00
05457977f35122e71095989d738e4a37,d4f3bec209aaecedb29d819e45cdb157,delivered,2018-05-26 16:40:00,2018/5/29 3:31,2018/5/30 11:14,2018/6/4 23:18,2018/6/29 0:00
32bde441c2a8669167988229bcafe2d7,25efd76e2a587902b55689c2d3eaea8c,delivered,2018-05-26 09:27:00,2018/5/26 9:50,2018/5/28 13:19,2018/6/16 14:08,2018/7/3 0:00
e9fe4a25c4b2cf9709c06e7e6aef0a8c,fe467cb0cabde021ce57f8c11899dcc7,delivered,2018-05-26 21:38:00,2018/5/26 21:50,2018/5/28 14:15,2018/5/30 16:39,2018/6/20 0:00
1c8b4e99b0bc55e61bda13d020efb26d,337c852ccde94a3fd2b633895534a4c0,delivered,2018-05-26 12:03:00,2018/5/26 12:30,2018/5/28 13:43,2018/5/29 12:18,2018/6/20 0:00
53525abf5054043e8c142bcb76170605,0df33b409cd66353c380327afa092214,delivered,2018-05-26 16:06:00,2018/5/26 16:30,2018/5/28 15:26,2018/6/1 19:48,2018/6/20 0:00
5be47775fbd521b6104cf7ed466afafb,301b8488e73b154141c3a0c5737262bf,delivered,2018-05-26 16:35:00,2018/5/26 16:58,2018/5/28 15:04,2018/5/29 11:18,2018/6/20 0:00
e5b203174e16a24326eca2118bf82a94,d9ecff4f4363cdedd69de972b3f926ef,delivered,2018-05-26 08:26:00,2018/5/26 8:35,2018/5/28 15:12,2018/6/4 10:18,2018/6/26 0:00
f712d6b3989692ceb30fb3cefe2a3593,beecde6eb4cee2e570e0896ac6c8c611,delivered,2018-05-26 21:25:00,2018/5/26 21:50,2018/5/28 14:09,2018/6/4 17:44,2018/7/3 0:00
a2bc7c1f8a1af365261e4f280bff4f6d,f5733fab64544ce8617bf770ac5d8543,delivered,2018-05-26 23:17:00,2018/5/27 23:15,2018/5/28 14:58,2018/6/1 16:22,2018/6/20 0:00
b4c5ff803ab75f16ce38e62e25cab043,f1a658516724893151252a16cc7d5cc7,delivered,2018-05-26 10:35:00,2018/5/29 3:55,2018/6/5 13:32,2018/6/14 23:42,2018/7/11 0:00
53edac1a124286956f5a77aa6db858ac,ed3269b8bcca63b337b3625b4d8970b3,delivered,2018-05-26 16:17:00,2018/5/27 16:15,2018/6/4 12:19,2018/6/14 22:03,2018/7/11 0:00
9a0b2a68507680a6e151319e4b6e68f7,4c2c2a4401219b69cecc92106c149bd4,delivered,2018-05-26 16:05:00,2018/5/26 16:30,2018/5/28 15:36,2018/6/14 11:46,2018/7/13 0:00
e73b248d4f6ecbef4a90906e0ec56290,f7c622a13c738dab416b48fd4d67d8ec,delivered,2018-05-26 16:33:00,2018/5/26 16:58,2018/5/28 14:08,2018/6/7 0:28,2018/6/28 0:00
477612d1e676932652d32281d67da87f,48cd4091de29a9ccd38f28271ee8431c,delivered,2018-05-26 22:18:00,2018/5/26 22:30,2018/5/28 14:49,2018/5/29 20:05,2018/6/20 0:00
17999150a37e709ef58ae49a064400fa,ed9264b6228fa70e32fd889810682e2f,delivered,2018-05-26 11:57:00,2018/5/26 12:18,2018/5/29 13:58,2018/6/4 20:52,2018/6/29 0:00
93d94474ff31149c751c5123897916d7,0a59f8ef2c08c550b607e7a5b71c754e,delivered,2018-05-26 13:42:00,2018/5/26 13:51,2018/5/29 14:22,2018/6/15 12:06,2018/7/13 0:00
feea4e6dd813103d3a1e4a39a341d66e,df7429c93b45154990b9a0d40ada45cb,delivered,2018-05-26 20:54:00,2018/5/26 21:09,2018/5/28 15:40,2018/6/8 17:41,2018/7/18 0:00
9c8a5a65a01f4a42ddd7fe53ee525568,f6776493ae32276dfb0c49984b8cba5b,delivered,2018-05-26 23:30:00,2018/5/26 23:49,2018/5/29 13:14,2018/6/1 14:05,2018/7/18 0:00
4007c8123697940f0574798a18c6ad29,aafe511008ceeac11be1fdab57f9bd8e,delivered,2018-05-26 18:50:00,2018/5/26 19:10,2018/5/29 12:47,2018/6/5 20:33,2018/7/4 0:00
a73d909b08c8058d8c1f42cdb2ada6ae,f6cedb4b0b06be93d4ab83c19536bcc9,delivered,2018-05-26 12:12:00,2018/5/26 12:30,2018/5/28 15:00,2018/6/1 15:42,2018/6/20 0:00
3e525509a51c670ba1386ba88ac9ab6a,04c7bc4cc351fcdcf95e0beea777088f,delivered,2018-05-26 14:19:00,2018/5/26 14:31,2018/5/29 13:25,2018/6/8 20:37,2018/6/28 0:00
e4ce7e9f0b81f2de2415e30494021d2c,5ab3c37d3cf12220b77de5f0d6ea1a66,delivered,2018-05-26 00:34:00,2018/5/27 0:30,2018/5/29 13:41,2018/6/4 19:51,2018/6/20 0:00
9392c5e72885ad5aba87e6223ca9838d,d95f60d70d9ea9a7fe37c53c931940bb,delivered,2018-05-26 19:42:00,2018/5/29 3:31,2018/6/4 11:02,2018/6/19 17:05,2018/7/11 0:00
df52ca7830380e7d8f7292e99434eea7,a1902b753d5eeb9831f1d3f89a13fba8,delivered,2018-05-26 11:51:00,2018/5/28 11:03,2018/5/28 14:03,2018/6/8 10:14,2018/6/12 0:00
a50aa8b40d7c388a14e6fe4ec5528ec3,52aceafe10a008aa9d22dfcb077b4c87,delivered,2018-05-26 09:55:00,2018/5/26 10:19,2018/5/28 10:02,2018/6/12 23:28,2018/7/11 0:00
576b3b33dc81c4368f8256613418a197,74d42649584dc3dca22a3f1f27232c53,delivered,2018-05-26 12:04:00,2018/5/26 12:30,2018/5/28 11:18,2018/6/22 19:32,2018/7/19 0:00
4b156097ed5516456bec1b582279acf8,98c7df0a28c0bdabac4c8b71bad62bbb,delivered,2018-05-26 11:44:00,2018/5/26 12:18,2018/5/29 13:23,2018/6/11 20:05,2018/7/16 0:00
46da9ca70ba869541332f73b43acad1e,2ad313a8287a197d9b303c380a6981db,delivered,2018-05-26 12:16:00,2018/5/29 3:15,2018/5/29 14:08,2018/6/2 16:32,2018/6/20 0:00
74d57affde20203d533384dafa37f324,52f02704d86432ee5cc102081bd388dc,delivered,2018-05-26 11:33:00,2018/5/26 11:50,2018/5/30 14:59,2018/6/4 15:28,2018/6/20 0:00
2d39684ee5837bfee04f0cf2c8eadde5,10ed82c17d5e644388fa717721d20ac6,delivered,2018-05-26 11:51:00,2018/5/27 11:50,2018/5/28 14:07,2018/6/8 14:18,2018/7/4 0:00
e08b081159a2418572e1a0fad41c8245,eac29434733abc9afe8ca9630626994b,delivered,2018-05-26 21:25:00,2018/5/26 21:38,2018/5/29 8:13,2018/6/6 23:42,2018/7/12 0:00
7ae97f48d1e1624e8baae4a3faee4837,47046a7bf901f66a12fa296a5982f5ad,delivered,2018-05-26 19:31:00,2018/5/26 19:49,2018/6/13 12:19,2018/6/21 17:36,2018/7/13 0:00
8d13ee60237028c737907273f16eda59,e6499695100f00ee9c22a33f8f94b9c4,delivered,2018-05-26 14:29:00,2018/5/27 14:30,2018/5/28 12:32,2018/6/6 15:28,2018/6/29 0:00
d80bc8900db383324d145cfb1c1aa854,1de6c6c911ceda2be652cd0db03d930e,delivered,2018-05-26 07:48:00,2018/5/26 8:19,2018/5/29 14:10,2018/6/7 18:51,2018/7/4 0:00
167a89d17687b40764e54424ec1f9afd,d7c23f3d2589891ae50aae3af800311b,delivered,2018-05-26 11:42:00,2018/5/26 11:50,2018/5/28 13:00,2018/6/15 16:35,2018/7/11 0:00
9e488299fb7e4dc6869975e2b3e9302a,d3c91b5f5fcf34f79c9f33ace68885ec,delivered,2018-05-26 12:58:00,2018/5/29 3:31,2018/5/29 13:55,2018/6/5 0:06,2018/6/20 0:00
0edefae02733735c88d242ce6b781802,d3ab89d9a1a9f356e6da0f519d0bf68e,delivered,2018-05-26 09:29:00,2018/5/26 9:50,2018/5/28 14:08,2018/6/6 20:46,2018/6/28 0:00
86501b9ee48e914f406cd33ddf6f77fb,824422e62602d2ed7c09adc7c877fa70,delivered,2018-05-26 15:20:00,2018/5/26 15:38,2018/5/29 8:26,2018/6/1 23:28,2018/7/3 0:00
d7c663de1470a2d3671791d3f093991c,9d5649c260bd257ab401500072c4eb2c,delivered,2018-05-26 18:25:00,2018/5/26 18:35,2018/5/28 13:37,2018/5/30 17:42,2018/6/28 0:00
be27ab7c550fcd6a7988396258c309f7,8395969c05c3191c6c0af2619e7a59c5,delivered,2018-05-26 12:31:00,2018/5/26 12:58,2018/5/28 15:55,2018/6/2 13:40,2018/6/28 0:00
d3a304fb1d9ad51a7a3b9d23e7d82bbf,07bfe0aec1af7b20ba9de14bca33b0f9,delivered,2018-05-26 13:08:00,2018/5/29 3:54,2018/5/30 14:00,2018/6/1 15:12,2018/6/14 0:00
6206eea10c401d9257092927e5b66deb,1c7e5b9a91a01eef9a4a9c64fe4ac441,delivered,2018-05-26 22:02:00,2018/5/26 22:17,2018/5/28 13:38,2018/6/4 17:22,2018/7/4 0:00
c9c2db5b32175fba946f9600ff4a9bc3,8911ea3cf270e1abec0da8488ace069e,delivered,2018-05-26 13:12:00,2018/5/26 13:38,2018/5/30 7:11,2018/6/13 19:18,2018/7/4 0:00
1c08a89405de0c81093b9eff6caf3dbf,5e0871625e4eb77e78357ca04985e135,delivered,2018-05-26 20:09:00,2018/5/26 20:29,2018/5/30 8:30,2018/6/5 0:07,2018/6/20 0:00
765f62aa9ec878cf62b1533261ae8e87,68d430cabd68310e0732347be5e9be22,delivered,2018-05-26 08:58:00,2018/5/26 9:15,2018/5/28 13:19,2018/6/11 17:52,2018/6/29 0:00
a2de6d09e4920c38cfd65f4c8f875fbb,cb95eb60ba3fcca766af7a54daf3657e,delivered,2018-05-26 16:54:00,2018/5/26 17:09,2018/6/1 13:23,2018/6/8 16:28,2018/6/28 0:00
c421fd33bf5d9c343f13b2d31e19bf5c,79101712eda4b5d48da47568e1720514,delivered,2018-05-26 15:04:00,2018/5/26 15:15,2018/5/29 13:44,2018/6/15 0:14,2018/7/3 0:00
73c2f6a3fe158985da4f15118a77783a,d9256d7e870dacf770ddfd2d6ec2b8df,delivered,2018-05-26 19:19:00,2018/5/26 19:38,2018/5/29 16:08,2018/6/7 18:46,2018/7/11 0:00
ce0fc5f1ff91f6aaf5eae637a2827b2e,d15532989a114df3c8065dd8e9eaf49b,delivered,2018-05-26 18:51:00,2018/5/26 19:10,2018/6/5 14:18,2018/6/11 14:36,2018/6/28 0:00
c9ecb640dff0357ce506afbcb9dcb76b,0794e4b99fb7375f4189f2f9d1b4c027,delivered,2018-05-26 00:50:00,2018/5/26 1:11,2018/5/30 12:07,2018/6/12 17:46,2018/7/18 0:00
07860da7c16265a28de8c2b2e9f4552b,e3d1323beac42a0618db14537566ade0,delivered,2018-05-26 10:54:00,2018/5/26 11:10,2018/5/28 10:06,2018/6/13 16:38,2018/7/5 0:00
57796a616d95192ef9a47a6634733f89,6822dd282ac1554e7bcc5e1755465ce6,delivered,2018-05-26 19:30:00,2018/5/26 19:49,2018/5/28 13:27,2018/6/12 19:52,2018/7/5 0:00
f037570b9dc59fcdd25a6d3e87135ce4,fc1533d533d97f6b04f4eefcbc1868b5,delivered,2018-05-26 00:34:00,2018/5/26 8:35,2018/5/28 14:08,2018/6/7 20:12,2018/6/28 0:00
ad5bf590212b05339591fac819fec669,61c40fbd64ecfee5270d6f9f2202c484,delivered,2018-05-26 11:41:00,2018/5/26 11:55,2018/5/28 13:27,2018/6/4 20:11,2018/6/28 0:00
6add4f25c1ffe76a240131e1e2158b1a,106a04e2dd5442bf459d06af3d28c625,delivered,2018-05-26 13:12:00,2018/5/26 13:38,2018/5/28 15:55,2018/6/9 15:51,2018/7/11 0:00
a4c753e682af75ae3bfafe65f6133f2c,3a5e10ad0ad52a6507a0431bc4b4e717,delivered,2018-05-26 20:09:00,2018/5/26 20:29,2018/5/28 13:33,2018/6/3 16:32,2018/6/29 0:00
aa5d6c8f531d300ba705fa1f78e02a9c,c0654c567bb1c55fb860c16d8fbcbbb3,delivered,2018-05-26 13:30:00,2018/5/26 13:50,2018/5/28 14:01,2018/5/29 19:41,2018/6/20 0:00
208d2f562248053cf12d13a00b6777fb,4ba45af37882ae7e11e4d8715cf82ffe,delivered,2018-05-26 18:55:00,2018/5/26 19:10,2018/5/29 9:39,2018/7/10 23:41,2018/7/5 0:00
efc035fd1de66e8eba117b98ae0b1f7f,29583a7a872a08058879bfbf416409a8,delivered,2018-05-26 10:10:00,2018/5/26 10:30,2018/5/28 16:56,2018/6/27 11:13,2018/7/5 0:00
5e4ff61ebeaffec83fa558b5644145dd,6f2327b7feb466dcf1657ffa5e376ed0,delivered,2018-05-26 07:53:00,2018/5/26 8:19,2018/5/28 13:09,2018/6/12 11:43,2018/7/3 0:00
1a2582ca80feaaf937cc94d437ba1635,99efadd052716ca57a64a6287caca0eb,delivered,2018-05-26 07:45:00,2018/5/26 8:19,2018/5/28 13:19,2018/6/9 15:42,2018/7/16 0:00
59da0d6767ec282e26ad95f315276dbc,0c9c3baecd7d29ce00d0f64e0f92bef9,delivered,2018-05-26 09:47:00,2018/5/26 10:19,2018/5/28 12:28,2018/5/29 17:31,2018/6/21 0:00
e776adc60e8c76f0cd807332525d8cd1,6f998e4791812987e4aab0d0a8057ff3,delivered,2018-05-26 14:54:00,2018/5/26 15:11,2018/5/28 11:13,2018/6/15 16:41,2018/7/23 0:00
6d669b4dec428bc8362a8b39ed61aaae,3f3b4d8785d4f1fd6decff84c40b0436,delivered,2018-05-26 19:08:00,2018/5/26 19:38,2018/6/4 7:12,2018/6/5 22:04,2018/6/21 0:00
171fd36e6d28aaa958e043b897006f1d,24c3892d38633c05dd413388d7e453af,delivered,2018-05-26 16:26:00,2018/5/26 16:35,2018/5/28 14:50,2018/5/29 20:03,2018/6/20 0:00
f3863782b51a1c378f36a99845aacbe7,6416212b1f807629ba0f313580525565,delivered,2018-05-26 16:46:00,2018/5/26 17:09,2018/5/29 14:04,2018/6/8 21:33,2018/7/4 0:00
507f10036261cb4c3ab736a68441d6a1,4ebc3f79abbd69a723c0073dcf6559e4,delivered,2018-05-26 13:28:00,2018/5/29 3:31,2018/5/30 10:50,2018/6/4 17:26,2018/6/20 0:00
7733c820d89f9e24a262e8fc309a3533,8c1ea083db58ab44e1e4912aee4bbcf8,delivered,2018-05-26 23:26:00,2018/5/26 23:38,2018/5/28 14:10,2018/6/7 21:18,2018/7/4 0:00
4553e6bea248714596b270fa8e67e0a0,5478040f977215fe64805033d2e8612a,delivered,2018-05-26 13:17:00,2018/5/26 13:38,2018/6/2 8:57,2018/6/8 22:06,2018/6/29 0:00
ec1fc57b72a7bbe5b32f9c606510db76,559f9d302aa523b2dd718e956f248db5,delivered,2018-05-27 17:59:00,2018/5/27 18:14,2018/6/6 16:10,2018/6/12 20:48,2018/7/3 0:00
3cdd33ec05cf28374828827789437fc3,d25c28e2e418a2f688e8e17130b29b49,delivered,2018-05-27 03:04:00,2018/5/27 3:15,2018/5/28 14:08,2018/6/20 17:05,2018/6/28 0:00
7c7dc1f3affc0d38b97ea22a8aeedb82,1fc29088df4d8add848a6b7304f7a9e0,delivered,2018-05-27 13:02:00,2018/5/27 13:15,2018/5/29 11:32,2018/6/9 14:32,2018/6/29 0:00
649aa4ae69d60a0b65b5270e737081be,cc268320e77ed6ba7be0107cc7ad1b8f,delivered,2018-05-27 18:21:00,2018/5/29 3:35,2018/5/29 14:04,2018/6/18 23:44,2018/7/5 0:00
bee8e1ed5119e2f2a4bfb408ab6ab177,95702279f83f435c44baffc96007cfea,delivered,2018-05-27 22:26:00,2018/5/27 22:55,2018/5/28 13:56,2018/6/11 17:12,2018/6/28 0:00
36fb716af0b33abaac585787ccd0c0af,589b394c269c9debfc7c47e5ed514dc9,delivered,2018-05-27 12:20:00,2018/5/27 12:35,2018/6/2 9:05,2018/6/6 23:42,2018/6/20 0:00
a75f9d41f99d675f35ab8b90b2dc9b2f,2299f339f282db1423e54ad4155e00e3,delivered,2018-05-27 20:45:00,2018/5/27 20:55,2018/5/29 13:28,2018/6/14 14:51,2018/7/16 0:00
dcb0beba69129b3cb15757a33bc9dce9,813e3fa26f6fe35d81bdc9fa82c0111a,delivered,2018-05-27 07:45:00,2018/5/27 7:55,2018/6/8 13:45,2018/6/11 19:38,2018/6/20 0:00
101d0c9df867a5f28ff3af69bb2a13d7,a710d6093cd4fcc25118db94fca740f2,delivered,2018-05-27 11:00:00,2018/5/27 11:36,2018/5/28 13:50,2018/5/30 15:48,2018/6/20 0:00
47cb4463bc05e404b98e743111a61378,a736f51ad0f016c8bdaacb9f62024424,delivered,2018-05-27 18:02:00,2018/5/27 18:15,2018/5/28 15:16,2018/6/11 19:31,2018/7/16 0:00
cf5fbcc5962bb18037e4cc158c21c14e,b9740782710922e68364fcefd21c5646,delivered,2018-05-27 12:31:00,2018/5/28 7:15,2018/5/30 11:47,2018/6/13 20:17,2018/7/11 0:00
a07190c439d2e3c83b6a6952ae53ce6e,9d861a511b20ac6c0e95d9683fd6a657,delivered,2018-05-27 15:23:00,2018/5/27 15:35,2018/6/4 13:36,2018/6/9 14:13,2018/7/16 0:00
9f0b93157ce9331253cad4298ce6af61,31d5d04d4657892a68bc9f5deff51709,delivered,2018-05-27 15:26:00,2018/5/29 3:31,2018/6/5 15:05,2018/6/8 15:43,2018/7/5 0:00
211635839640ec89714ed4410c5d9eea,39ea5fecfa8dd33f8dc7abb45fb29d82,delivered,2018-05-27 16:00:00,2018/5/27 16:15,2018/6/4 13:45,2018/6/5 18:28,2018/6/20 0:00
a44e2259c6908814d76871d497766ae9,e93078b6816a4bf9e651abd16a29f9d0,delivered,2018-05-27 13:47:00,2018/5/28 13:54,2018/6/1 13:25,2018/6/13 19:41,2018/7/3 0:00
660a6fbde01967fda369dc69c3d4b50a,5f15513fd19ab7f204e5f6b75375212b,delivered,2018-05-27 13:49:00,2018/5/29 3:31,2018/5/29 13:43,2018/6/8 13:36,2018/7/12 0:00
95087a791500e383c039460bbd6bcb57,5b98547ccd0950675ef6b0a4f5a928ec,delivered,2018-05-27 20:41:00,2018/5/27 20:54,2018/6/1 13:25,2018/6/6 23:06,2018/6/28 0:00
9d107f7c71a717cfcccc479c9e300302,ab23bc8d29aaf7a3978d8e819817575b,delivered,2018-05-27 18:27:00,2018/5/27 18:54,2018/5/28 9:29,2018/6/6 14:38,2018/6/28 0:00
60836a0b2a1b5051e61371cf04a16574,6b49f46fe51b14c54872f603facd73a3,delivered,2018-05-27 21:34:00,2018/5/27 21:51,2018/5/29 9:51,2018/6/5 14:58,2018/6/28 0:00
d14ebe879e1587746439c3652f063eb4,9155e5f5cd64439dedad8c8fe39261e8,delivered,2018-05-27 13:07:00,2018/5/27 13:36,2018/5/28 14:40,2018/6/7 11:46,2018/7/13 0:00
b0247f256d2486d4cb5f3bf93dd84eb4,30c6c7a5f5570eea755284d1775568b8,delivered,2018-05-27 16:42:00,2018/5/29 3:14,2018/6/8 10:24,2018/6/20 13:28,2018/7/26 0:00
f526502583165bcf37f59cb5092ba1e7,c3fa66cf6941f5323971a4c3db4029ff,delivered,2018-05-27 15:04:00,2018/5/27 15:15,2018/5/29 8:07,2018/6/7 13:50,2018/6/29 0:00
9ba0165adc8f80295e82cb5418788889,ca0cbc348ce930d599f8dabcb7436bff,delivered,2018-05-27 09:34:00,2018/5/27 9:50,2018/5/28 16:16,2018/5/30 16:18,2018/6/21 0:00
24d505034382a8c43dd5524e1b4eb3fe,2572738e77279aaac9c5c15620166859,delivered,2018-05-27 11:07:00,2018/5/27 11:36,2018/5/30 14:41,2018/6/8 17:44,2018/7/4 0:00
bb4648eb654b7296660ddcbc2ac64c0f,3436830523f11956f158565d582de289,delivered,2018-05-27 15:56:00,2018/5/28 15:56,2018/6/6 8:20,2018/6/20 18:18,2018/7/5 0:00
2adb2f19ddcdf638f5c1284f84e4fe18,bb3b8ba65c06bcbe68a062e28fa27adf,delivered,2018-05-27 19:13:00,2018/5/27 19:35,2018/6/4 15:38,2018/6/5 20:05,2018/6/20 0:00
91a96b5defab51616ef57e6b57d47969,c5e12d2d7ee8c109332c67b445d5b32e,delivered,2018-05-27 14:59:00,2018/5/27 15:15,2018/5/28 14:15,2018/6/11 21:32,2018/7/3 0:00
ba01067136771e2103d611dc1d74d709,64c26ea8310a299e2d0785aa77ee1ca0,delivered,2018-05-27 17:42:00,2018/5/27 17:55,2018/5/29 14:04,2018/6/4 17:06,2018/6/29 0:00
a38fda8c7745d9c406a48daf230f957a,d815502657bd93cb52c48c3df5fdc0bb,delivered,2018-05-27 19:47:00,2018/5/27 20:14,2018/5/28 12:44,2018/6/8 15:02,2018/7/3 0:00
019543c0de8386be97738b589ee695aa,ee78e2394f33a3bf7e81e1ba6192863e,delivered,2018-05-27 17:10:00,2018/5/27 17:34,2018/5/28 14:30,2018/5/29 19:27,2018/6/20 0:00
1570fe1d14badec761d75ca93916bd6a,ed064a574e08a0062cf08d485375c9d0,delivered,2018-05-27 18:26:00,2018/5/27 18:54,2018/5/28 15:55,2018/6/7 18:08,2018/7/11 0:00
e2ec0a81f014ff5006648b818c33219c,9920c66af298e7dc6997930aae31f1cd,delivered,2018-05-27 13:34:00,2018/5/27 13:49,2018/5/28 13:34,2018/6/14 17:32,2018/7/18 0:00
25f3f0ae63b48a081e219325f1d4df84,bbb555d3e572820b99a0469b147228b5,delivered,2018-05-27 21:35:00,2018/5/27 21:51,2018/5/29 11:20,2018/6/13 18:32,2018/7/13 0:00
d80acd042318a15fe9be8faa8ee23d06,d55e59cb88c71f59123ab5ae3656f185,delivered,2018-05-27 11:44:00,2018/5/27 11:55,2018/5/28 13:19,2018/6/8 14:33,2018/7/11 0:00
808beec7603db80bc6a975bc9f509814,29cf3c28e1ecbd9ef408aea337cc344d,delivered,2018-05-27 19:17:00,2018/5/27 19:35,2018/5/28 14:02,2018/6/19 22:08,2018/7/13 0:00
5919e9d15d8693529eecf3b5fcdc7327,2adcd0cb75d5ed29a3358dc2c56e6d12,delivered,2018-05-27 11:55:00,2018/5/27 12:16,2018/6/4 7:12,2018/6/12 23:44,2018/7/13 0:00
742d862c30615984a57a26626cd1b40f,55a054548002d8141917bd00ed88d9a7,delivered,2018-05-27 15:57:00,2018/5/27 16:15,2018/5/28 16:56,2018/6/8 1:32,2018/6/28 0:00
2d46df0a9debda5d4ca0d1f8058bf73a,53e93728c3003229b2efdecdc2a807b4,delivered,2018-05-27 17:11:00,2018/5/27 17:34,2018/5/28 15:26,2018/5/29 18:08,2018/6/28 0:00
d2ddc09916a8bcc31353edfe699da8e8,32582badf7289d3987a2899e0825a870,delivered,2018-05-27 10:59:00,2018/5/28 10:55,2018/6/4 7:08,2018/6/8 20:16,2018/6/29 0:00
f1487beee9bcc5d6921a3e5ddcb63623,1f96d58caf84db1f8af2eac92a2e2968,delivered,2018-05-27 16:40:00,2018/5/28 16:51,2018/5/29 14:04,2018/6/1 14:28,2018/6/21 0:00
099a55045696dde09f58f62e8e82a542,66358fc9282c24ef2163204d1803774a,delivered,2018-05-27 18:29:00,2018/5/27 18:55,2018/5/28 13:06,2018/6/13 14:58,2018/7/12 0:00
d0cae991bbc57c3c2205b0076b2d1489,73c101d5854e1ac89458e8865c0ea516,delivered,2018-05-27 21:44:00,2018/5/29 3:31,2018/5/29 12:10,2018/5/30 22:51,2018/6/20 0:00
99a01ac9c1c718ea6eac9fac178552cc,f68e63b07912415b2ad2a25243bdcda8,delivered,2018-05-27 20:28:00,2018/5/29 3:31,2018/5/29 12:10,2018/6/1 20:16,2018/6/20 0:00
928b36b446783bb571df5c8c3eb239d0,eb6a209f020e7726b2cf6d4e22c468de,delivered,2018-05-27 20:37:00,2018/5/27 20:54,2018/5/28 13:18,2018/6/7 18:34,2018/6/28 0:00
115ddcd2b83359bb06dd6dde700fb33d,2637273adde13fa6a555c43b4fbdba6e,delivered,2018-05-27 22:49:00,2018/5/27 23:09,2018/5/28 14:10,2018/6/14 19:51,2018/7/11 0:00
3cba3b35a00b76f3a83d1cd84bd9becd,b7b255502cbde4a1c941961626e4431b,delivered,2018-05-27 23:24:00,2018/5/27 23:49,2018/5/29 13:49,2018/6/7 20:58,2018/7/18 0:00
2bbf04c7da16334276d95e3f4b7b938d,6929bf13d69a3e1100ca056efd8c2c40,delivered,2018-05-27 20:49:00,2018/5/27 21:11,2018/5/28 14:28,2018/6/5 16:04,2018/6/26 0:00
393e94e2f17c63ed71d08a663a06e9fd,b4e1fe74fa0bf95bdd28ae1b5a9c0d95,delivered,2018-05-27 12:12:00,2018/5/27 12:29,2018/5/28 15:13,2018/6/1 13:42,2018/7/4 0:00
74f1a239af663d84eff6f108b68386c6,14ef2be9e656abe8c28f416025221fb5,delivered,2018-05-27 12:30:00,2018/5/27 12:55,2018/5/29 12:18,2018/6/19 23:18,2018/7/13 0:00
de9b643d6a5e2c0aebb7526ffae6ae87,90bdca238ab39f1c20beebb44823f09a,delivered,2018-05-27 15:19:00,2018/5/27 15:35,2018/5/29 7:30,2018/6/8 17:11,2018/6/13 0:00
7b3950b933fe73d96ce4359a1caf38ea,b5a6dbf7832c882c72222308a2ae44d9,delivered,2018-05-27 22:13:00,2018/5/28 8:30,2018/5/29 10:57,2018/6/4 23:32,2018/7/18 0:00
a21373b020b3665e910d3da0ca078094,b1cb221fb99089990e6751b79f201a23,delivered,2018-05-27 16:42:00,2018/5/27 16:55,2018/5/30 7:59,2018/6/4 16:43,2018/6/28 0:00
28ba5952fc9baba1dc6797734ca82680,b4486d6bad6090e04d0f13164eb03557,delivered,2018-05-27 17:10:00,2018/5/29 3:14,2018/5/29 8:43,2018/6/5 16:28,2018/7/11 0:00
8d6f247153477b8878975aa0fbde4b5a,2394d012a2494af9af1071537d9b3278,delivered,2018-05-27 00:47:00,2018/5/27 1:11,2018/5/30 13:44,2018/6/5 1:11,2018/7/12 0:00
d0e60fe0d150be98baa246426889d6cb,55311e340fbb8c4620330ff5a576f179,delivered,2018-05-27 13:23:00,2018/5/27 13:49,2018/5/28 14:03,2018/6/7 23:10,2018/7/18 0:00
8b24ac1b82b802b6b9ea3c31435a91ac,fd9e470681250f6e4f164ca3ea31157e,delivered,2018-05-27 16:27:00,2018/5/27 16:55,2018/5/28 13:42,2018/6/11 14:48,2018/7/23 0:00
961f692ce5a2ba7cc51c00f59ea72d5f,40b021c327c38680d5256cd686164a87,delivered,2018-05-27 14:56:00,2018/5/27 15:11,2018/5/28 10:42,2018/6/5 0:23,2018/7/18 0:00
09d8a4bcd943fd4bfc7dd6b64b7c328e,a63cd43af25d2eaacd280e01a4eb2f6d,delivered,2018-05-27 09:24:00,2018/5/27 9:50,2018/5/28 14:08,2018/6/12 20:19,2018/7/3 0:00
bb54e9bf4bdb6c6391a7c6b517748b9f,84e28130ed1fa8558f3fc843d9a906e7,delivered,2018-05-27 11:41:00,2018/5/27 11:50,2018/6/1 15:13,2018/6/26 18:04,2018/7/4 0:00
70102042893558dbf834b15a4b4fcbcb,7397ea54948b521f7b64b333fe2558b2,delivered,2018-05-27 11:13:00,2018/5/27 11:36,2018/5/30 13:59,2018/6/25 16:32,2018/7/24 0:00
3cd74c600666380ec586606e62f1d20d,581bfa7dba0e2af6de4773278a40f128,delivered,2018-05-27 21:42:00,2018/5/28 21:55,2018/6/8 13:43,2018/6/12 17:58,2018/7/12 0:00
4128f35defa24e9fb110452626b9b824,30341ccc91cf843ad30d898968a1905a,delivered,2018-05-27 09:00:00,2018/5/27 9:15,2018/5/28 13:16,2018/6/4 16:58,2018/6/28 0:00
1ac7f4db91b508245c27b68092a2d401,adc9db4fc4f60b344847267dc51e7068,delivered,2018-05-27 18:33:00,2018/5/29 3:35,2018/6/5 12:08,2018/6/22 14:56,2018/6/25 0:00
6dbbe1fc68ddafdaa158c5ad25ddef2e,b91007c2341381d46400986511527c1f,delivered,2018-05-27 18:35:00,2018/5/27 18:55,2018/5/30 11:51,2018/6/1 13:13,2018/6/20 0:00
2061d416cce74e744423747a2b87f330,cb8ca0a09824115249e1a28fd6028751,delivered,2018-05-27 19:01:00,2018/5/27 19:15,2018/5/28 11:35,2018/6/12 17:50,2018/7/4 0:00
fceffa5aa5435f18bb997278808e5915,2302f96d8d2dae4878949f1ec805dbf3,delivered,2018-05-27 13:06:00,2018/5/27 13:36,2018/5/29 16:08,2018/6/2 16:38,2018/7/4 0:00
44809c64bc4e272b0ffd44dcaa3beb8c,0ad5196ae2834fffcb35daba2d3304ba,delivered,2018-05-27 14:58:00,2018/5/27 16:15,2018/5/28 15:38,2018/6/11 19:20,2018/7/11 0:00
889d938cda41ef5efe5e59f2d72506ca,a82cf4c2ad9b46f2272edf04fcc4a861,delivered,2018-05-27 23:03:00,2018/5/28 22:55,2018/5/29 13:30,2018/7/12 9:48,2018/7/20 0:00
3a83f1410163fa52e0679c788b31a039,8769df0587f504c9408b3d1a15fddbc1,delivered,2018-05-27 14:07:00,2018/5/27 14:30,2018/5/28 13:59,2018/5/29 11:08,2018/6/20 0:00
04c28d1572e04b2b3e5b80ca7559e750,ad72f2a64075d63311e1bf4daf91e173,delivered,2018-05-27 23:56:00,2018/5/28 0:15,2018/5/28 15:46,2018/6/20 20:44,2018/7/19 0:00
fc8e9d7ad7a42cc52cd8438eaf428ed3,ea3c63f62f763a92b935e9ce73ea5d58,delivered,2018-05-27 09:16:00,2018/5/27 10:07,2018/5/29 14:08,2018/6/6 18:18,2018/6/29 0:00
74fcadc7525caabfaf228fbe8ab6d129,07eb2651119fce5364e9af667f651153,delivered,2018-05-27 15:27:00,2018/5/28 15:32,2018/5/30 13:12,2018/6/4 15:02,2018/6/20 0:00
e7b5bbd928c9dcaa3466502cd99b4907,d0019ad7e1264a69c1120123e9f3feef,delivered,2018-05-27 20:13:00,2018/5/27 20:31,2018/5/29 8:48,2018/6/22 22:20,2018/7/3 0:00
1c3680cf7c64b8f0419ae839d0a44db6,540c737fc18060325ed168d358bb824d,delivered,2018-05-27 12:07:00,2018/5/27 12:17,2018/5/28 13:58,2018/5/29 17:32,2018/6/20 0:00
a802ae0c41c749a4a9acbe8052f23105,6ebdf3a14409c4c45ec71c99087864c4,delivered,2018-05-27 13:37:00,2018/5/27 13:50,2018/5/29 5:54,2018/6/6 17:46,2018/6/28 0:00
e1ebf9d9fbf1f356179a8f969dc8c4c5,ec8ccb40a803b77a809f6b32b2af4cec,delivered,2018-05-27 17:14:00,2018/5/27 17:34,2018/5/28 12:25,2018/6/6 1:32,2018/7/18 0:00
fc699344c004d1635c1e3a27f707c8b6,c552b308fd0baf657702d0eba4ee3b65,delivered,2018-05-27 23:03:00,2018/5/27 23:15,2018/5/29 13:47,2018/6/8 17:18,2018/6/28 0:00
4f2d72bec3f76b37047967ded26335f2,7e501124aeeefcd0be137fd8fad250e9,delivered,2018-05-27 21:44:00,2018/5/27 21:55,2018/5/28 14:47,2018/6/26 17:35,2018/7/13 0:00
62b3fdb5d9d02edf8ba0cc44095b8c9d,51a3f6ca37ce15e0d719bb118ee10c96,delivered,2018-05-27 08:57:00,2018/5/27 9:10,2018/5/29 10:55,2018/6/12 21:47,2018/7/11 0:00
b81b7bbd880517f099a053130e75d933,95ac7eec6a3ece1a7afc792575d0482f,delivered,2018-05-27 14:04:00,2018/5/27 14:16,2018/5/29 16:21,2018/6/5 16:46,2018/7/11 0:00
e8bbe1e50121557f66b60660a6b62289,450a256c32a90629c3d89c1f38f5cf32,delivered,2018-05-27 18:14:00,2018/5/29 3:35,2018/5/29 13:29,2018/6/22 13:58,2018/7/12 0:00
d5b1560bb46f4b57510a45569fa41b4c,8c053663094bd001fff3536d10dd092a,delivered,2018-05-27 08:07:00,2018/5/27 8:30,2018/6/1 14:40,2018/6/8 16:28,2018/7/18 0:00
baeda1a6ab86cb05572b31817ab4e413,dc545d1bf1d2ad26b5cc1c9eb612e6b7,delivered,2018-05-27 20:33:00,2018/5/29 3:14,2018/6/7 14:04,2018/6/19 11:58,2018/7/11 0:00
7e674200831cc38f43106d153aa17d7c,aa4b53b674e3a59192b63f78441760e8,delivered,2018-05-27 17:22:00,2018/5/27 17:35,2018/5/30 6:16,2018/6/15 17:22,2018/6/29 0:00
8c220191863704ecc09c293c1d723797,32c08ef292e0052b476b1fb965873759,delivered,2018-05-27 19:10:00,2018/5/27 19:35,2018/5/30 13:29,2018/6/4 20:07,2018/7/3 0:00
9b154f568f003a7bb924121e0f6bec40,8ccafc03ea8240cdbb0e0ad195be5411,delivered,2018-05-27 18:47:00,2018/5/27 18:55,2018/5/28 10:01,2018/6/14 16:52,2018/6/29 0:00
4e3b98e5d43c106c546ac2dac4ea5db6,697a4f507f70615d3dd62d8326debbcd,delivered,2018-05-27 14:54:00,2018/5/27 15:11,2018/5/28 14:39,2018/6/6 16:42,2018/7/4 0:00
38df34f6963826eaf92a536dff64393a,29c04628dbc04fa96b97d33891cc3597,delivered,2018-05-27 00:31:00,2018/5/27 1:02,2018/5/29 13:35,2018/5/30 22:51,2018/6/20 0:00
8870e37cd5b4a6ff4b0b3c2a02e471ae,ee33563aa0224664c80c9322ffa26968,delivered,2018-05-27 17:54:00,2018/5/29 3:31,2018/5/30 9:43,2018/6/6 22:52,2018/6/28 0:00
4bacb60c9bdaab084b0354a3f7063af4,b951c315005eb420b99687b9b0eec54a,delivered,2018-05-27 21:12:00,2018/5/27 21:34,2018/5/28 11:35,2018/6/13 16:56,2018/7/16 0:00
41656e5eacc8e9cc1efe1609ea2eb0ba,59bb5484a2585a90377524f59eda659c,delivered,2018-05-27 18:11:00,2018/5/27 18:32,2018/5/28 15:55,2018/6/15 17:42,2018/7/12 0:00
468be8d69d6a7ae5dffc7d6c694370f0,ccd98f8b088a12d741c792397fab80a0,delivered,2018-05-27 17:29:00,2018/5/27 17:51,2018/5/29 13:57,2018/5/30 18:18,2018/6/13 0:00
037f15d346c870059c0e6f4275a01206,44b387496ce8c6654019503566f11029,delivered,2018-05-27 10:25:00,2018/5/27 10:35,2018/5/29 15:13,2018/6/8 18:41,2018/6/28 0:00
9fae636d2c51d2a8feb6734c92aa131f,f247dc9ed6536f4ecd067e8403beea4b,delivered,2018-05-27 23:50:00,2018/5/28 0:56,2018/5/28 14:09,2018/6/13 2:26,2018/6/29 0:00
3a32345081c149e0850db894cf22dc03,a84e3e2982cc260a829dcf2a30908936,delivered,2018-05-27 19:06:00,2018/5/27 19:15,2018/5/28 15:16,2018/6/4 23:38,2018/7/3 0:00
73b83fe6a84d80f819839c0f93413771,f94b96a35f591b64bb724774dc3754b6,delivered,2018-05-27 22:21:00,2018/5/28 22:15,2018/5/29 12:04,2018/6/11 17:22,2018/7/4 0:00
a1a11a4a2c9a4745ef09bc18e053b51a,797472460f0cedec7cf30016d1304f63,delivered,2018-05-27 16:26:00,2018/5/28 16:35,2018/5/29 14:24,2018/6/8 18:07,2018/6/21 0:00
f2dd7ec887233f5e7d50f80b813d4c2a,27906336f91e1856dad3519e74169a28,delivered,2018-05-27 16:54:00,2018/5/27 17:11,2018/5/28 14:08,2018/6/8 18:52,2018/6/28 0:00
246a0dd11a624cd29b8c5dc2e56fa1dc,9e0d161e44c6199cc00168f41060be14,delivered,2018-05-27 12:07:00,2018/5/27 12:29,2018/5/28 13:58,2018/6/8 15:07,2018/7/4 0:00
48340ddd156767e80ea7a05abc8a0af4,28689e72c53169610a3d6f96d729b4bd,delivered,2018-05-27 12:30:00,2018/5/27 12:55,2018/5/29 14:38,2018/6/15 14:36,2018/7/23 0:00
492bed007520827cbed51959e4ce4385,ba5166acad480f24f1633e1b8ce21741,delivered,2018-05-28 12:53:00,2018/5/28 13:14,2018/6/5 15:02,2018/6/14 14:51,2018/7/11 0:00
4f38a875c972c4803a792f62b999b4cd,00f73459a4d3be97ff307dc869da0aa9,delivered,2018-05-28 10:31:00,2018/5/28 10:53,2018/5/29 15:41,2018/6/7 12:21,2018/6/28 0:00
e63271442e778d83ae9868408c1028e7,fce8eb224fb44bca516d50d140e88ca0,delivered,2018-05-28 17:05:00,2018/5/28 17:16,2018/6/6 8:20,2018/6/27 15:18,2018/7/11 0:00
03a54d3b0f15ac01bad656997420d3bb,574478d054c2bae93a3c66c8a32f4fd5,delivered,2018-05-28 19:15:00,2018/5/30 2:32,2018/5/30 13:50,2018/6/6 19:14,2018/6/26 0:00
1422a4b4a2aa8b66fd49ff5557200b42,4b24f5ef0c134fe4d56bb392b3397dcd,delivered,2018-05-28 14:18:00,2018/5/28 14:35,2018/5/29 12:04,2018/6/4 16:03,2018/6/29 0:00
72b02234375680d174bc9fecfb0fd9fe,3c97c51a472647f2bbee4b45c1e6c761,delivered,2018-05-28 16:15:00,2018/5/29 16:12,2018/5/30 11:06,2018/6/2 12:24,2018/6/20 0:00
dcd9141cf681c0a831e8988b32156d3c,7558e6beb7efdd069ac43b97f4f8e67d,delivered,2018-05-28 11:35:00,2018/5/28 11:54,2018/5/28 14:09,2018/6/8 18:20,2018/7/3 0:00
02d273267575a29864f552b2de598580,fb6895f16f2b933e56af615dbcecf0aa,delivered,2018-05-28 17:31:00,2018/5/28 17:55,2018/5/30 7:59,2018/6/13 15:04,2018/6/29 0:00
2f9e3156d784ec07c5e1b8075263562f,4fafc71715e80054ae90f1b3eb0a9110,delivered,2018-05-28 10:40:00,2018/5/30 2:31,2018/5/30 14:11,2018/6/18 16:08,2018/7/4 0:00
811c07cfc688fdcbdc6802617db18822,f96d2f985715f67004e13c4a5f126ad1,delivered,2018-05-28 11:14:00,2018/5/28 11:33,2018/5/28 13:58,2018/6/11 19:05,2018/7/4 0:00
5dd21baa3b88bf3e97bcc80aa1b0b52a,a96336755f2a6f45496391ac601274fc,delivered,2018-05-28 09:07:00,2018/5/28 10:04,2018/5/29 14:11,2018/6/5 17:54,2018/7/4 0:00
c54d822dcfd0f7c672574a607c9403b3,9c55979e022c8dc16611eed6a1c61a97,delivered,2018-05-28 10:48:00,2018/5/28 11:13,2018/5/28 11:59,2018/6/5 1:22,2018/6/28 0:00
f6c8d57f0ca0ee7b2f2fd5d967ce4b4f,22cb1d75b185fb6f9b9c74e1033d4c87,delivered,2018-05-28 10:40:00,2018/5/30 2:32,2018/5/30 15:05,2018/6/4 12:09,2018/6/21 0:00
f46fb218fda36639dc39aa3025679a2b,4f1499a33d2d5ae89e66928df783e7ae,delivered,2018-05-28 20:40:00,2018/5/28 20:50,2018/5/29 14:11,2018/6/1 19:42,2018/6/29 0:00
bbff6155059675574b04a09d10cbb76c,919f7e4b0905fe7efc81ebe88359031c,delivered,2018-05-28 22:31:00,2018/5/28 22:50,2018/5/29 13:44,2018/6/15 17:03,2018/7/16 0:00
d2485e80a65cd94cd4a4755e0934bf47,74eeb796ef7b6f78ccfb0602376bc8d3,delivered,2018-05-28 14:37:00,2018/5/28 14:50,2018/5/29 14:22,2018/6/4 13:38,2018/6/20 0:00
c5f30bdd01bc931c09429dc3bba5ac58,ca6fe18d9474b6e6bd41278ca47b19cf,delivered,2018-05-28 21:38:00,2018/5/28 21:56,2018/5/30 6:37,2018/6/2 16:04,2018/6/13 0:00
e0e210a3f0dfc7642e0cbda856590eb3,6db0bd4890f3d24db9ce7db8c91db669,delivered,2018-05-28 16:30:00,2018/5/29 16:39,2018/6/7 12:55,2018/6/12 17:13,2018/7/5 0:00
788991fbee9d367d8b625d471c2d252f,3801c293e240318c5ad66216d15ffc58,delivered,2018-05-28 12:36:00,2018/5/29 3:31,2018/6/1 13:24,2018/6/15 9:34,2018/7/5 0:00
8ecf04501b91702b0c93522081cea66a,204db45b1be689b09c9e5c3a705f0409,delivered,2018-05-28 19:14:00,2018/5/28 19:30,2018/5/30 13:54,2018/6/8 22:26,2018/7/16 0:00
09c6ca023de352874ee4fda218d19a81,7d9da42e2199a286266a8084af43ba85,delivered,2018-05-28 21:25:00,2018/5/28 21:55,2018/5/29 12:21,2018/6/7 21:12,2018/6/29 0:00
455003334f4430e9e9e902199bcecbcb,5cde2eff682c0c9087ebd5d66e87d7b1,delivered,2018-05-28 14:17:00,2018/5/28 14:35,2018/6/4 18:11,2018/6/8 20:18,2018/6/28 0:00
97f0469c4d923101d383461947f575bd,8d0bff7849251c677974318829e488d2,delivered,2018-05-28 09:03:00,2018/5/28 9:15,2018/5/30 13:59,2018/6/8 18:38,2018/7/4 0:00
ca7e237e4817ee2e53f4e96da13dbf9a,22ae4a6295e60e8d01f407d37313f0c5,delivered,2018-05-28 19:00:00,2018/5/30 2:32,2018/5/30 10:24,2018/6/6 20:11,2018/7/4 0:00
7ffd48a27c90a946cfa8198b76a7120c,afbbb519a35f84ad208f8f04de698e41,delivered,2018-05-28 14:11:00,2018/5/28 14:35,2018/6/5 16:06,2018/6/22 15:51,2018/7/5 0:00
a88a97b1f64733fb73f753a519db23b9,5fe4c97f6eb784c0e89656abddca6865,delivered,2018-05-28 21:16:00,2018/5/29 12:50,2018/6/1 14:23,2018/6/27 20:50,2018/7/11 0:00
f33bb10a8083242acc69681587de119f,7f2c7852591133faac4da0fce82fb87d,delivered,2018-05-28 23:15:00,2018/5/28 23:29,2018/5/29 12:17,2018/6/4 17:34,2018/6/29 0:00
810a20b5d63b93c766be34093cf05187,952314d81832bec79f508e87223d4fc8,delivered,2018-05-28 13:57:00,2018/5/28 14:10,2018/5/29 10:12,2018/6/11 20:13,2018/6/29 0:00
101239b587ffbf256b1cf48485854842,0bbdbe9583119040379634b5ebf5a3f1,delivered,2018-05-28 11:13:00,2018/5/28 11:33,2018/6/6 15:03,2018/6/11 18:52,2018/7/5 0:00
a8a29ae9b3f2dc2e650dc520d7842041,ce0809a5eb4ada3a764f383e118c18a3,delivered,2018-05-28 19:57:00,2018/5/29 3:14,2018/6/1 8:29,2018/6/13 14:39,2018/7/16 0:00
e9de409fda259726830399eaf5fb4e42,0a2e34cd9906d1040ce291b056d90e4a,delivered,2018-05-28 13:52:00,2018/5/28 14:10,2018/5/28 14:02,2018/5/30 11:21,2018/6/21 0:00
b537ca3494311804a1191ad6a0dddf05,0a69b1982841326bf633a5073f8f4c00,delivered,2018-05-28 07:50:00,2018/5/28 8:15,2018/5/28 12:35,2018/6/5 16:36,2018/6/28 0:00
d23aab0e21efafc3216ce27c05565a96,7741a2c7f0be3dda60452f7c55769146,delivered,2018-05-28 23:23:00,2018/5/28 23:35,2018/5/30 13:12,2018/6/4 21:36,2018/6/20 0:00
9c5548e522bd06824106a8713a019e1b,ca9e758a38b2f83b2c1a31e00aff1c30,delivered,2018-05-28 10:38:00,2018/5/28 10:53,2018/5/28 12:24,2018/6/11 19:31,2018/7/3 0:00
a01a08ca0d8cf4c03ffd23029c091210,d9195d0325ce43bed923ee3edd6547e4,delivered,2018-05-28 18:56:00,2018/5/29 18:51,2018/6/4 16:03,2018/6/5 19:41,2018/7/16 0:00
e156c06e2ceacafe7263782d2115fca8,2cdd14266e171616685c2a2deaaa76f3,delivered,2018-05-28 00:07:00,2018/5/28 0:29,2018/5/28 13:19,2018/6/2 19:34,2018/6/28 0:00
8d177df0bc7f19cc605da776c8730ce8,b1778311ca1da06bd07eae33928c7dda,delivered,2018-05-28 17:01:00,2018/5/29 3:55,2018/5/29 15:18,2018/6/5 19:32,2018/6/28 0:00
4a8b56b6641818f8cf2457dedd663bcf,11af43ab5aead1caaef7a490b1420a82,delivered,2018-05-28 10:54:00,2018/5/28 11:13,2018/5/29 14:36,2018/6/1 18:02,2018/6/13 0:00
a1dd8c3d72d95a11312293743c4064a6,4c67e0a1613b34e3047e157f9dd98d1b,delivered,2018-05-28 15:23:00,2018/5/28 15:35,2018/5/29 15:44,2018/6/1 19:52,2018/6/13 0:00
1efa3bd33f2a887addccba92edc88340,8ae206912a2afe2c2bc2f1cd3d31cc90,delivered,2018-05-28 17:11:00,2018/5/28 17:30,2018/5/29 10:25,2018/6/1 14:19,2018/6/20 0:00
e2daa9281728e47abae1c8799a4abd9d,f36aaf634475955f4c50e193961ca70d,delivered,2018-05-28 10:54:00,2018/5/28 11:13,2018/5/29 14:45,2018/6/1 15:32,2018/6/20 0:00
4d312c4094736b92bf0f13f99d80ec86,cdb4836345c6e428e8ab34ccc1daf96d,delivered,2018-05-28 13:14:00,2018/5/28 13:31,2018/5/29 15:41,2018/6/15 23:41,2018/7/5 0:00
b6ee22c53f26ef8d97d96465c8899e16,b0e3b5761cd36ed181095a4861511e05,delivered,2018-05-28 18:47:00,2018/5/28 18:55,2018/5/29 13:48,2018/6/13 16:04,2018/7/4 0:00
c177bd75cb8bbff3f8ce6842201c7b6f,2a9bf6ab9526b5ef47aefc35a0667d7d,delivered,2018-05-28 19:04:00,2018/5/28 19:17,2018/5/30 14:24,2018/6/5 18:03,2018/7/18 0:00
558eca1d22374a40aa35c2d9f88573a3,a7261b8467989c8b5c1800b4bfd705bf,delivered,2018-05-28 22:29:00,2018/5/28 22:50,2018/6/1 8:47,2018/6/7 20:03,2018/7/12 0:00
9f64fb4d29aa2f254cc325c59a8f8b00,0826150e089ab7d5356b412e9f3bea76,delivered,2018-05-28 09:17:00,2018/5/28 9:34,2018/5/28 14:06,2018/6/7 18:34,2018/7/11 0:00
13e6d8c97847f1b195474fab7dd73bde,f09a97aa30ea595d27a84b306a86ce96,delivered,2018-05-28 15:53:00,2018/5/28 16:11,2018/5/30 11:30,2018/6/13 21:28,2018/6/28 0:00
915f541ee5f9fd7b10797945cfabf971,f29a766a89f68d0ee767d2cb03503603,delivered,2018-05-28 17:57:00,2018/5/30 2:32,2018/5/30 14:26,2018/6/13 19:58,2018/7/16 0:00
e4355b11f8adb9cfd1883d34dfedb6c7,812886b70c5584fc028811f11a1ee2bf,delivered,2018-05-28 17:42:00,2018/5/28 17:55,2018/5/29 13:02,2018/6/7 21:48,2018/7/16 0:00
292bb4eb07f86cd88e500ee1dd10523d,fd771c26c5bca0eda082ae1290993194,delivered,2018-05-28 08:53:00,2018/5/29 3:15,2018/6/8 13:43,2018/6/13 18:28,2018/7/12 0:00
2d30bcdaaf18c2598140aa6f7f230216,c16e1ee1f43fc784a849789cbf31c9b9,delivered,2018-05-28 11:21:00,2018/5/28 11:35,2018/5/29 13:16,2018/6/13 16:53,2018/7/11 0:00
a56a69de5d08abcdd997b45a40cdbeed,d96a0a53b1076cd1fb71326dec092f0c,delivered,2018-05-28 02:16:00,2018/5/29 2:11,2018/6/6 12:31,2018/6/8 19:22,2018/7/5 0:00
b4e47a448289bb284758470f606229c4,57856512eeb5d55a99c26b58906b291c,delivered,2018-05-28 15:54:00,2018/5/28 16:11,2018/5/29 13:45,2018/6/1 21:34,2018/6/20 0:00
790710021a014a0263cef04999d451ee,fca8329f8acb14ce34528309daebceab,delivered,2018-05-28 11:58:00,2018/5/28 12:12,2018/5/29 15:18,2018/6/12 21:04,2018/7/19 0:00
aadf5fc042b64c57d336c1ad8a28a455,d7f4c9c4b263f6f0d8cd144f3f4533ab,delivered,2018-05-28 10:44:00,2018/5/28 10:55,2018/5/28 15:26,2018/5/29 17:06,2018/6/28 0:00
0cf3d6e83dcc1117999a235fd6dae842,9ef02e0bb31e88a1fde897b4adc31233,delivered,2018-05-28 12:59:00,2018/5/29 3:31,2018/5/29 12:40,2018/6/11 18:46,2018/7/5 0:00
a85ad381ff410bb40159e498feb30a13,3bef7341efc8f099c1ce8dbb59a409aa,delivered,2018-05-28 18:45:00,2018/5/28 18:55,2018/5/29 15:41,2018/6/7 20:03,2018/6/28 0:00
4b4c7655aadab4cf1eb81eddf40afcaf,d8e1d69f3909531253a5de372a66af7c,delivered,2018-05-28 17:31:00,2018/5/28 17:55,2018/6/4 13:15,2018/6/12 20:03,2018/7/5 0:00
bbc13e09a09a77b4f6ea6a981a399473,7822a6861b0a8c3a5b4ed5f42268eab0,delivered,2018-05-28 22:11:00,2018/5/28 22:35,2018/5/29 14:04,2018/6/5 13:12,2018/7/4 0:00
267e7e0b0615d34fa4c39c0a97cee1d5,5bb2321bf6c692d7f92ec6d97d5842e4,delivered,2018-05-28 21:16:00,2018/5/30 2:32,2018/5/30 15:09,2018/6/1 15:31,2018/6/18 0:00
9c5dd45ca53ffa7f21772e36f950da8f,53c8190e3bdf183e2277b3387a667137,delivered,2018-05-28 18:57:00,2018/5/29 18:15,2018/5/30 12:10,2018/6/12 20:27,2018/7/18 0:00
3041108a3798c0b8ce8a9bb8efaaebd5,875bf6eb697869ad0d2cfb512e331347,delivered,2018-05-28 16:45:00,2018/5/28 16:55,2018/5/29 14:12,2018/6/2 15:28,2018/6/13 0:00
eea5cc5fc9932c98e7bc8a58c32da4f8,83825125c4d37368ce1a8043308b2b5b,delivered,2018-05-28 10:45:00,2018/5/29 3:55,2018/5/29 14:22,2018/6/4 22:28,2018/6/20 0:00
d0a376ad0575bef38f57ec1665a353ea,7f5cc65222c2fe21a935bde669213ad4,delivered,2018-05-28 20:34:00,2018/5/28 20:50,2018/5/29 14:22,2018/6/2 17:03,2018/6/20 0:00
45b0b9012eea515351639078d2676a65,08d7b1fe49c75e0ebc5758f55d41a580,delivered,2018-05-28 13:10:00,2018/5/29 3:30,2018/5/30 12:41,2018/6/11 15:19,2018/7/18 0:00
3c2ce68a8ae197f1c0761e0e49486673,ed01365fc6f6e098879c03ae23b0d743,delivered,2018-05-28 12:01:00,2018/5/29 3:31,2018/5/30 11:15,2018/6/1 20:41,2018/7/3 0:00
67adc926d34e13b8e6144b020f0e1153,39eb26e58bcb1c8c7775e8eb056bdcf7,delivered,2018-05-28 17:01:00,2018/5/28 17:16,2018/6/5 12:34,2018/6/11 16:47,2018/7/3 0:00
b18a68dda772cde59ef17d4fbbfe8c7e,07e84f8ccde6b3049d08bd274a35978d,delivered,2018-05-28 14:05:00,2018/5/28 14:15,2018/5/29 9:51,2018/6/5 15:13,2018/7/23 0:00
d2421ba8e68d2ecb6f32d08202ba292e,11c1d39751742fcd7e92255db994dfb5,delivered,2018-05-28 16:34:00,2018/5/30 2:32,2018/6/12 12:46,2018/6/18 19:38,2018/7/16 0:00
3a63202e1f2029f6ee42f498e87fa599,149876e27f49d24b3c0a9d34dfc13163,delivered,2018-05-28 15:23:00,2018/5/29 3:15,2018/5/30 13:43,2018/6/12 19:51,2018/7/11 0:00
7010bfa704139424f4fff8baff27b7cc,ac9d802c8be6d74099e9b3e90acefe12,delivered,2018-05-28 20:49:00,2018/5/28 21:16,2018/5/30 12:05,2018/6/2 19:29,2018/6/20 0:00
d76b164e4e70f560ba7c2d4f155b09d7,009c825b4f96c0c03731ac38b6e1c6ea,delivered,2018-05-28 08:31:00,2018/5/29 3:30,2018/5/29 14:03,2018/6/14 18:44,2018/7/16 0:00
faf4b0fe89a6f599276eccc2f5944ca6,be6c723c0dc6a8c587a7cc5ca2644927,delivered,2018-05-28 17:35:00,2018/5/28 17:55,2018/6/4 16:03,2018/6/19 16:11,2018/7/31 0:00
4050a0495b8fab90bb5285f6c37d61e9,24207156e277e6dfc2e231c63365d271,delivered,2018-05-28 02:36:00,2018/5/29 2:34,2018/5/29 11:41,2018/6/13 18:06,2018/7/17 0:00
daaa1175302ea22f08aede6bd5bee8bf,a558c27e289c8e4e99cb82e7665ff009,delivered,2018-05-28 13:49:00,2018/5/30 2:32,2018/6/5 10:44,2018/6/13 16:58,2018/7/16 0:00
96a8d065c3f2dbde8c6ff7fae00a2f35,42808481d800a84a8cf647ef8838c6cb,delivered,2018-05-28 11:02:00,2018/5/28 11:15,2018/5/28 13:57,2018/5/29 18:08,2018/6/13 0:00
b636703317e3a173ebe3770beda32aea,11c9730340dc403bf23bf523be47ed1d,delivered,2018-05-28 20:02:00,2018/5/28 20:15,2018/5/29 14:38,2018/6/18 13:47,2018/7/5 0:00
a65d018a7a1122b4312c742d7107e021,724eba516ed0739bd049fb295ce929c0,delivered,2018-05-28 08:28:00,2018/5/29 3:14,2018/6/12 14:04,2018/6/13 19:42,2018/7/3 0:00
53ae9aaa6ba9fefffe3c0db94f4d2c43,b5cfd134107d931d1bf1b191e016a4b9,delivered,2018-05-28 12:44:00,2018/5/28 13:13,2018/6/4 13:10,2018/6/13 13:11,2018/7/3 0:00
cec0dfdf4408bef61c7d93b02a41f92c,abd9af16c6b85f81ac7d5eee4ecadb5a,delivered,2018-05-28 15:18:00,2018/5/28 15:32,2018/5/29 9:00,2018/6/4 17:26,2018/6/28 0:00
da9713f62e0d54668895dd0ca6ddbb64,79e482fbb9811d4ba4eb9249661c0194,delivered,2018-05-28 10:00:00,2018/5/29 9:56,2018/5/29 13:15,2018/6/12 17:39,2018/7/3 0:00
c29713133e5e33937af1a6e1e1370552,906614004e38a1e922ff033563bfdcf2,delivered,2018-05-28 17:20:00,2018/5/28 17:35,2018/5/29 14:22,2018/6/7 18:38,2018/7/19 0:00
1e73ecf14966e33e06e79c339fb3f7cd,4d6a2339ba829456960bc4a6ac74eec9,delivered,2018-05-28 16:37:00,2018/5/28 16:51,2018/6/1 14:09,2018/6/8 18:54,2018/6/21 0:00
356725db39df6e32c250f1b4f1f78d9e,8309c7cc18fb32c9b5678db4f66b6bec,delivered,2018-05-28 19:07:00,2018/5/28 19:29,2018/5/30 11:22,2018/6/4 18:37,2018/6/29 0:00
060653209bfa61cf4b308a00e3861875,a0d86b4a22f02ed0ade308b69e91bc89,delivered,2018-05-28 23:18:00,2018/5/28 23:30,2018/5/29 12:29,2018/6/12 22:12,2018/7/11 0:00
88147bfe4762e9d0e545871dbc994734,e948953cbdd0ebdf270937ab3d5c1a5a,delivered,2018-05-28 23:06:00,2018/5/28 23:29,2018/5/29 15:38,2018/6/5 23:04,2018/7/5 0:00
3d4bfa3de7e617f61d1ee3c87e95b204,5e98755f49cf29e4e9e87d81d2f86db2,delivered,2018-05-28 09:26:00,2018/5/28 9:52,2018/5/28 15:16,2018/6/14 0:46,2018/7/16 0:00
8767f36960352a7d9b94e1857a45c981,31b1a8a4bc56ec61e5a3bb174d4e5318,delivered,2018-05-28 20:59:00,2018/5/28 21:16,2018/5/29 13:14,2018/6/6 19:06,2018/7/4 0:00
8ee3d811c7a49f0f3be646dfb3489e75,5054aeef991ce66d45d9a75a5e157cab,delivered,2018-05-28 14:52:00,2018/5/28 15:15,2018/5/29 13:33,2018/6/5 20:07,2018/6/20 0:00
185e7ea81e4cf0fc1d2f4e8e38e8e7e3,f23c4b530f6d7d421de1e38d3e0cc327,delivered,2018-05-28 22:39:00,2018/5/30 2:32,2018/6/1 8:51,2018/6/18 22:12,2018/7/31 0:00
4c53b2ac030f08c0469e8de45af2e400,780b9df22e9f714b2231474a96e95730,delivered,2018-05-28 17:24:00,2018/5/28 17:55,2018/5/29 16:05,2018/6/4 21:15,2018/6/13 0:00
6dcf09925bad5c21f9694df7c7064435,b6449dad7d75ca4204e95af962d73eaf,delivered,2018-05-28 10:14:00,2018/5/29 3:55,2018/5/30 14:55,2018/6/7 0:28,2018/7/3 0:00
facd4b7395a3bf5f4536e64cf5d7668a,e2bd826c95ba483662ede716ae8187e3,delivered,2018-05-28 17:43:00,2018/5/28 17:56,2018/6/1 14:13,2018/6/2 16:21,2018/6/13 0:00
f62f42fbbc35ac4b000282839c369f9a,57bd01b687ed2ca2565730ba32a15d06,delivered,2018-05-28 17:58:00,2018/5/29 3:31,2018/5/29 15:09,2018/6/1 16:28,2018/6/20 0:00
a8f5ea0830ac9ffd1d2864434bcddb70,e9bca2aac8f400109e997596326d9227,delivered,2018-05-28 20:21:00,2018/5/28 20:36,2018/5/29 7:48,2018/6/8 20:06,2018/7/13 0:00
53b122ab361cdd253c61d8f63bdc2a75,a56944574643fc65a4c8753d9e0c37a7,delivered,2018-05-28 10:55:00,2018/5/28 11:13,2018/5/29 12:00,2018/6/7 21:13,2018/7/3 0:00
9797613eed6fac4314c4d5c9132c7ff4,759835de956bcaaf90c41eeb09e8ff1d,delivered,2018-05-28 11:27:00,2018/5/28 11:54,2018/5/29 15:18,2018/6/20 19:45,2018/7/16 0:00
d905ef2a3ee51aff370cf4ca43eb5e8d,8173731cfd6e1b3cf14eb346dbb2b3a3,delivered,2018-05-28 16:08:00,2018/5/29 16:12,2018/6/1 15:35,2018/6/6 17:20,2018/7/12 0:00
43d5113f8c14cc2c72b763c801f47ac6,5ae27e96182178bb0c1ff8ba02dd42d8,delivered,2018-05-28 16:10:00,2018/5/29 12:09,2018/5/30 13:54,2018/6/7 14:38,2018/6/28 0:00
cab041584e63bfe6a389916c8f469abc,4f11e0c0c7d456f4e5bf43b4189927e7,delivered,2018-05-28 17:12:00,2018/5/28 17:30,2018/5/29 9:38,2018/5/30 16:48,2018/6/20 0:00
b230cdf7f5d8115711cbab88f4636406,eaff05733a47fe7dbd0a808b4cde8238,delivered,2018-05-28 21:16:00,2018/5/28 21:30,2018/5/29 13:53,2018/6/2 12:02,2018/6/28 0:00
750ed62dff96bf5713b8c6a6bbfdc948,a05f88744e7de808ee2378057e2b033c,canceled,2018-05-28 11:18:00,2018/5/29 3:15,,,2018/6/20 0:00
360983d2dc93d0b53cf1dd482a1caa5d,1cddf32e75b16d683001b555f0d3914a,delivered,2018-05-28 18:43:00,2018/5/28 19:16,2018/5/30 14:43,2018/6/11 13:32,2018/7/17 0:00
761d24a47ebf005134bb75f8cde9c5b1,ed78b8e3b4ce8f10d7ff5f18f9758b75,delivered,2018-05-28 19:59:00,2018/5/28 20:10,2018/5/29 8:43,2018/6/8 20:15,2018/7/3 0:00
b5eb3252f8e5ded7044d176ed49e2ecb,86d7e0b2821894373d67a03352affdcb,delivered,2018-05-28 17:23:00,2018/5/28 17:35,2018/6/18 11:59,2018/6/22 17:59,2018/8/3 0:00
513e088b2c0d0279b2df18d115a0d39d,4f3106b818772a80feb6aa2a658e2998,delivered,2018-05-28 15:37:00,2018/5/28 15:56,2018/5/30 13:36,2018/6/4 20:53,2018/6/28 0:00
c8c0e74f5426e74b812efe05eaab11a6,b6ba2c8d887b9586b6f9dcd3d7ddfd56,delivered,2018-05-28 21:30:00,2018/5/29 12:50,2018/5/30 12:56,2018/6/11 16:18,2018/7/4 0:00
ba506068ed3555effa5ca62cd1b22225,5729693cc754e134be2566d2369795a0,delivered,2018-05-28 15:23:00,2018/5/28 15:56,2018/6/2 9:05,2018/6/5 21:26,2018/6/20 0:00
5be9662cf57b643907e692632ff63fdc,f9f5b9bfc5b9fdceb180b9227737630c,delivered,2018-05-28 10:04:00,2018/5/28 10:15,2018/5/28 14:08,2018/6/6 18:59,2018/6/29 0:00
8e01476de7658766c75d118e291d2b16,b728285f0366b207acce12b492851e97,delivered,2018-05-28 10:40:00,2018/5/28 10:53,2018/5/28 13:45,2018/6/3 11:17,2018/6/28 0:00
e98f62f167c0c56e1d6e2c852bf04adf,deb7123f2e2f5e7e0997e3af67d058d0,delivered,2018-05-28 09:57:00,2018/5/28 10:13,2018/5/28 13:09,2018/6/8 17:37,2018/7/5 0:00
916176e8ce74772807cfb28860535ae0,46c19710e4ec96f3c532cb3ac376b794,delivered,2018-05-28 14:51:00,2018/5/28 19:16,2018/5/29 13:51,2018/6/6 21:18,2018/7/4 0:00
9544da84a1f36efaf61504e2fbed951a,2e4944041038aa2b71a74eab8d9b819c,delivered,2018-05-28 11:01:00,2018/5/28 11:15,2018/6/4 15:15,2018/6/5 12:41,2018/6/20 0:00
278d3d690a2154d06eb95b5a171ade8f,d92966ea3d638f9b965f661de8d6d01d,delivered,2018-05-28 09:39:00,2018/5/28 9:52,2018/5/28 14:02,2018/6/4 20:08,2018/6/29 0:00
ffc49b9c9d666410e9ecdb0a3efadb9c,e175dcb4b025365a33467693abf7b4ca,delivered,2018-05-28 19:29:00,2018/5/28 19:56,2018/5/29 14:04,2018/6/12 18:57,2018/7/11 0:00
a0b07a92ce295982730306c83af1da2a,b5e633e94cee7ad1b81f39f88a4ee6e1,delivered,2018-05-28 14:45:00,2018/5/28 15:15,2018/5/29 13:51,2018/6/11 16:37,2018/7/12 0:00
d323b02e4d09a0a84bda45d240aeb3c0,1db2b65fe180603deddda6476084b52f,delivered,2018-05-28 13:37:00,2018/5/28 13:54,2018/6/5 16:00,2018/6/6 15:08,2018/6/26 0:00
65a05062e11f3e5121cd0e0723bf765d,2799fe5cb33f25c1336f9c810f5bab84,delivered,2018-05-28 18:25:00,2018/5/28 18:50,2018/6/6 15:01,2018/6/8 19:53,2018/6/20 0:00
083c350532e95d46b3c25b7c41b1ad63,6997fe0ec1de23e69f13fedf18f50cb8,delivered,2018-05-28 18:20:00,2018/5/28 18:36,2018/5/30 19:32,2018/6/1 20:32,2018/6/13 0:00
0927272c1caea73a32570e9de18c2bb7,c0186800fe9bb6579c73f2b2345cce4c,delivered,2018-05-28 13:31:00,2018/5/28 13:54,2018/6/5 12:35,2018/6/15 20:17,2018/6/20 0:00
a8a42525a528f4f3b6c343d8cfa0a374,11d4407faece8a6220c06056f36dc9af,delivered,2018-05-28 20:41:00,2018/5/28 20:50,2018/5/29 13:27,2018/6/9 12:28,2018/6/28 0:00
a6ff9f38d02f65f7ad74bfc2dd1813cf,6e2a35662f0ad6eb33998f94a69e8a24,delivered,2018-05-28 00:30:00,2018/5/28 0:56,2018/5/29 9:51,2018/6/7 21:58,2018/6/28 0:00
0f6b7fd8b1ca2b342b4629b5c8a4435b,0a0b289b31e52a51a3368b171806a8fa,delivered,2018-05-28 18:16:00,2018/5/28 18:36,2018/5/30 13:54,2018/6/14 0:19,2018/7/16 0:00
e0ff4f042465bf3a83ab05b537d1c90e,35ccaf85cd6559f85e62b1968fa763b0,delivered,2018-05-28 19:57:00,2018/5/28 20:10,2018/6/1 11:20,2018/6/6 16:38,2018/6/28 0:00
ef43444651cdedfaefc1123e4acd02aa,1cd96d1a642496e8967965c311f98b1a,delivered,2018-05-28 18:09:00,2018/5/30 2:32,2018/6/7 12:35,2018/6/12 9:35,2018/7/11 0:00
6d0e0e8907efa53405051c14ba17f58e,c2430380d5d3ec51f5f8128805b6666d,delivered,2018-05-28 22:22:00,2018/5/28 22:35,2018/6/1 14:10,2018/6/8 16:50,2018/7/4 0:00
2ee0dd09094bb9568b06bc1ffbe9f4ec,76df3b6412d4883dbc84402a5c659b5d,delivered,2018-05-28 21:02:00,2018/5/30 2:13,2018/5/30 10:17,2018/6/26 21:24,2018/7/5 0:00
1917dc45b0bd8e45ef7e5919e9c35c15,be5019d2c52dfaffa0e4663e49bdfd2e,delivered,2018-05-28 18:47:00,2018/5/28 18:55,2018/6/1 12:40,2018/6/3 14:04,2018/6/13 0:00
1e60cd113fd130d6384d74348f85b63c,1b816766bb5a39f8e46924109d1f1983,delivered,2018-05-28 21:07:00,2018/5/28 21:30,2018/6/1 11:31,2018/6/5 13:48,2018/6/13 0:00
13f2f496cc080f4443dc54b93b75a968,a369192f9dbe966c7d10f33b7f20bdf4,delivered,2018-05-28 19:36:00,2018/5/29 19:35,2018/6/6 15:01,2018/6/13 13:38,2018/7/4 0:00
bf2f7a16704936db1686ba2711614520,77b2063010087502d849d81480f6420e,delivered,2018-05-28 12:03:00,2018/5/28 12:15,2018/5/30 13:36,2018/6/8 22:38,2018/7/3 0:00
0617fd3db51fa6cbebde41b9bd34b406,c859e1f9641a31e71020f8be665daaea,delivered,2018-05-28 14:03:00,2018/5/28 14:15,2018/5/28 18:29,2018/6/15 19:04,2018/7/4 0:00
d1d9e82abdaaa28b562b48d23f5e8203,71dd1c2bbcb2590101080d3921cfc540,delivered,2018-05-28 11:40:00,2018/5/29 14:11,2018/6/4 10:18,2018/6/5 21:11,2018/6/20 0:00
d819490edd3b5a3d69b114bb1eed977e,3d63c534551c85a62bc51417745dc81c,delivered,2018-05-28 13:49:00,2018/5/28 14:10,2018/5/30 11:02,2018/6/23 18:32,2018/7/19 0:00
13177245f820dca10cd9968a2a395b1d,af3b1412013a9f8a5dd51d610427f847,delivered,2018-05-28 16:52:00,2018/5/28 17:16,2018/5/29 10:41,2018/5/30 15:12,2018/6/26 0:00
bbfb434859fc673797c1040d267e342e,b0d85b57c22f4e17c5348ac56e88b4e7,delivered,2018-05-28 20:43:00,2018/5/30 2:32,2018/5/30 14:06,2018/6/8 0:04,2018/6/20 0:00
2ef2818bc1477c39bc32b093812b85e8,1c436aa3c85f978a78df59eaca01ede3,delivered,2018-05-28 14:33:00,2018/5/28 14:50,2018/5/28 14:33,2018/6/4 19:33,2018/6/29 0:00
33fc7baa13a1f53c49812053516172e7,e83678b18eeb52b82fcff5e21d12cf6d,delivered,2018-05-28 07:44:00,2018/5/28 7:55,2018/5/29 13:44,2018/6/14 11:18,2018/7/3 0:00
8d37e7a787d783b75379ef856107b40a,c6c67979c6a71ae3f43fb2fc04712e4c,delivered,2018-05-28 09:38:00,2018/5/28 9:52,2018/5/28 14:29,2018/6/5 18:03,2018/6/28 0:00
b2fb15f025928415eebbfd3132b0dfbc,47014bb0e74e35a5b83df78c45f41c32,delivered,2018-05-28 18:01:00,2018/5/28 18:15,2018/5/29 13:11,2018/6/7 16:02,2018/7/5 0:00
c164550f33679da3d32b3ce6078cffda,581ee503fd22bd36c99119cbfb230237,delivered,2018-05-28 08:47:00,2018/5/28 8:55,2018/5/28 14:02,2018/5/30 18:18,2018/6/21 0:00
84e68b5d2be9ab9146ea264fa27c9a34,e4ab65a0b4c3c3e0fee82f90222c4618,delivered,2018-05-28 13:56:00,2018/5/28 14:10,2018/5/29 7:50,2018/6/2 16:33,2018/6/29 0:00
e33865519137f5737444109ae8438633,64b086bdcc54458af3ea3bd838db54a5,delivered,2018-05-28 00:44:00,2018/5/29 3:31,2018/5/30 13:13,2018/6/1 22:25,2018/6/20 0:00
6b57b46391a662adacf6841b5da8d084,7508680e17b526665363d2bd205b44a3,delivered,2018-05-29 23:14:00,2018/5/29 23:34,2018/5/30 14:48,2018/6/4 10:44,2018/6/21 0:00
0e2f2a11ed7233e538469471930a7ed7,a7dbd3fd213f08708b18e3b2667e14de,delivered,2018-05-29 09:13:00,2018/5/29 9:30,2018/5/29 14:45,2018/6/11 14:53,2018/7/16 0:00
5fc156541c3cea8af8784a46dbfcd183,76ebf70a559266867675fc7b0e74072d,delivered,2018-05-29 11:02:00,2018/5/30 10:56,2018/5/30 13:11,2018/6/12 20:15,2018/7/4 0:00
f6062f2fd7a79226266b4cdaded643ec,220d30b547b088ca7b34fef7d7a54523,delivered,2018-05-29 19:34:00,2018/5/29 19:55,2018/5/30 15:11,2018/6/1 12:08,2018/6/21 0:00
9e40d6ad0e658dbe287498d89f222d18,79b516ac255abbf7531ea1ea5b43d0db,delivered,2018-05-29 15:48:00,2018/5/29 16:12,2018/6/7 15:12,2018/6/11 20:41,2018/7/27 0:00
1683815c34e20076a6b3a8b1fd3d8809,2d9a7f6bfb053e602cc26e9c77c5f2ee,delivered,2018-05-29 18:09:00,2018/5/29 18:36,2018/6/1 10:15,2018/6/11 18:13,2018/7/5 0:00
7d0a48a75ea94fb27cbb514b6bd406b4,1fa8165134d1bc197e2bc4ebf659f35e,delivered,2018-05-29 12:43:00,2018/5/29 14:15,2018/6/5 14:01,2018/6/11 14:51,2018/7/5 0:00
4974bc485d07cad8b6e5000a345bcd50,5a305881af7a75ebbe4e858260370d9c,delivered,2018-05-29 15:45:00,2018/5/30 15:35,2018/6/1 8:56,2018/6/11 23:54,2018/7/16 0:00
ff54b9c09ea01ff4a6998163e9822b79,61eb73b3aa56811b865abef59f7ef640,delivered,2018-05-29 21:46:00,2018/5/30 16:16,2018/6/1 13:23,2018/6/11 20:28,2018/7/4 0:00
0c6a968e3824f733a18b9c40b2620865,4d3afd054c81809d99eacd8a22e08075,delivered,2018-05-29 16:12:00,2018/5/29 16:39,2018/5/30 12:22,2018/6/7 16:28,2018/7/19 0:00
342b802870cffb4cca6f8b612e121300,a1f2fe00ae439dcb254252a38dd4e286,delivered,2018-05-29 22:20:00,2018/5/29 22:35,2018/5/30 11:22,2018/6/4 18:31,2018/6/29 0:00
f834cf7fd494d64498ec7054a72e947f,3307c2dabe1e3c6987cc5780520efe79,delivered,2018-05-29 22:36:00,2018/5/29 22:54,2018/6/1 8:25,2018/6/4 15:51,2018/6/21 0:00
15f906fde6e6b48fc2f10c413d4bef8b,cffc421e3853c93e511c2d6abc520e12,delivered,2018-05-29 12:04:00,2018/5/29 13:31,2018/5/30 13:46,2018/6/11 19:38,2018/7/16 0:00
02f4dd90ba0feb8ec394cac05862d2b5,df6d93efba53a613bf2365f7945febb0,delivered,2018-05-29 16:04:00,2018/5/29 16:15,2018/6/6 14:31,2018/6/26 4:32,2018/8/9 0:00
db8bf3de5a5697bde575853b0e9d7fec,6bc10e2de3cadab0a0e0e96a880fae5e,delivered,2018-05-29 09:23:00,2018/5/31 3:36,2018/6/1 11:10,2018/6/15 20:58,2018/7/12 0:00
d6a5b1dabb71e6af751ca35e7ecbcae2,84a18469ae1de12043370666d2807e6a,delivered,2018-05-29 15:03:00,2018/5/29 15:32,2018/6/1 14:04,2018/6/8 20:32,2018/7/5 0:00
73840bb583b69b1d181d54f3f755a4e2,525fe4903a5cea320f17dcf74c2a1534,delivered,2018-05-29 13:28:00,2018/5/29 13:57,2018/5/30 13:46,2018/6/18 20:44,2018/7/17 0:00
7d211ad04e2a788e75109de959ce3171,4a1e8b88c644fe53641843b68f745160,delivered,2018-05-29 21:55:00,2018/5/29 22:13,2018/6/5 13:07,2018/6/6 12:55,2018/7/17 0:00
822439c9a01bc64ce644063229f3edd1,1878256be6b16ab5f7759b1c7d7f4903,delivered,2018-05-29 16:48:00,2018/5/29 17:18,2018/6/4 11:01,2018/6/13 16:06,2018/7/4 0:00
2eb63f75718e0a133e1a6c7d14375025,1712b3a131430bc9e53dcba7adcfc282,delivered,2018-05-29 10:46:00,2018/5/29 17:57,2018/5/30 11:06,2018/6/2 12:36,2018/6/21 0:00
046bc7c1d7122be13009a28d66977149,50a1e21aee11c07e29db5b8289876b9f,delivered,2018-05-29 21:46:00,2018/5/29 21:55,2018/5/30 14:40,2018/6/2 10:51,2018/6/21 0:00
41b58b6026bb03ba48125f0b42fd4b70,7fb48eba2763ac51b79391d0636a7c92,delivered,2018-05-29 02:50:00,2018/5/29 3:14,2018/5/29 13:44,2018/6/16 14:28,2018/7/20 0:00
17c7d18b95217b2fbbc15a88ef4f564f,5c84a8216347ecb5dd3f89878d453966,delivered,2018-05-29 20:20:00,2018/5/29 20:35,2018/6/4 8:00,2018/6/12 18:18,2018/7/24 0:00
fb3cf8c9eb2412b0edc0a00a8f43a869,94595ccee21b11325952776b516a0345,delivered,2018-05-29 14:07:00,2018/5/29 14:39,2018/5/29 13:58,2018/6/5 21:46,2018/7/20 0:00
c4de71df747f541f59a618d019281366,aaefbb85ab9583c7912ddb3d9b5e6238,delivered,2018-05-29 18:09:00,2018/5/29 18:36,2018/6/4 12:02,2018/6/6 17:32,2018/6/21 0:00
9ff880794dc0a00ad4856e0de2c912f2,b27bb08f277571e3c41d44e9826df158,delivered,2018-05-29 05:07:00,2018/5/29 5:30,2018/6/4 16:03,2018/6/18 23:44,2018/8/6 0:00
02d3eba685e8150e0e3abacd9c230642,0ec44d686aef3c798a6e8d336cb3a2c8,delivered,2018-05-29 13:55:00,2018/5/29 14:11,2018/6/6 14:57,2018/6/7 17:35,2018/6/21 0:00
ce5a9de9a8a2c2a47c627c3615f90700,ee2e42a5fcbe3dbf6fce1d07639c8121,delivered,2018-05-29 21:08:00,2018/5/29 21:35,2018/5/30 12:05,2018/6/5 18:41,2018/7/5 0:00
c1d16d2238787555fb7bed98f8fbd99d,f5e7020383fc2140c6ecc783105bd4b3,delivered,2018-05-29 15:51:00,2018/5/30 2:32,2018/5/30 11:04,2018/6/4 17:38,2018/6/29 0:00
58feb997b7e395036cd8d59980e85a94,ec70d161cd95ea2fb9be51c71807be76,delivered,2018-05-29 15:18:00,2018/5/29 15:32,2018/6/11 14:23,2018/7/4 12:05,2018/7/24 0:00
99daacedd8423e3b5169338429be0110,29cd5d64c1d683f8d652670417b62b8a,delivered,2018-05-29 19:12:00,2018/5/29 19:32,2018/5/30 7:56,2018/6/1 22:21,2018/6/29 0:00
58a1b2dbc870bdafa3abfced8d5d9cc5,7e9090dbf2dd453786d83814eb0e5778,delivered,2018-05-29 09:50:00,2018/5/31 3:35,2018/6/4 14:38,2018/6/11 16:38,2018/7/12 0:00
038862523957395d9316afa8b8b70976,a08ee5910f78d3f2b79a0e861d0c6d6b,delivered,2018-05-29 23:02:00,2018/5/31 3:36,2018/6/4 15:41,2018/6/6 2:19,2018/6/18 0:00
b058f625ecdea748969b3d9f508873fb,631ae9150948def4dfd72ad426e5fdf3,delivered,2018-05-29 11:16:00,2018/5/30 2:32,2018/5/30 10:16,2018/6/15 18:58,2018/7/13 0:00
207d35e4a69118f2f9422aa1949043f7,09becaeb993ca4d7a5c0ea6eb2afce30,delivered,2018-05-29 10:19:00,2018/5/29 10:38,2018/5/30 13:34,2018/6/12 17:52,2018/7/12 0:00
ecab7448f4b42657c66bc603971693c1,74b72861a67b91be7b5c8c216b32cb7a,delivered,2018-05-29 16:25:00,2018/5/30 2:32,2018/6/5 13:56,2018/6/6 20:22,2018/7/16 0:00
b3e2b3c7117a01d7d57b74ed6b6272f9,5fc1fcba03edc46834dc1592f64b5d5f,delivered,2018-05-29 15:46:00,2018/5/31 3:36,2018/6/12 7:35,2018/6/18 21:22,2018/7/23 0:00
f94e7fe62953e889ccdc4af045dbe8f0,63fd9170b32b31124ab00a1f8ed620f9,delivered,2018-05-29 13:14:00,2018/5/31 3:35,2018/6/1 13:36,2018/6/8 21:11,2018/6/29 0:00
30a08f0074bc43c8284b61015a6c530d,3a28a125ae8571da188c2152082fabf5,delivered,2018-05-29 14:38:00,2018/5/31 3:35,2018/6/4 14:45,2018/6/12 18:59,2018/7/20 0:00
71394edb269e67b8431cc1c355cc53df,6e8a30827c4d5bd095c436b486502fcc,delivered,2018-05-29 00:14:00,2018/5/29 0:34,2018/5/29 8:58,2018/6/6 14:22,2018/7/13 0:00
b420ccbcb8265772b8c13687c24bb5eb,0c03776e54dca1457ed2ce839749eb4e,delivered,2018-05-29 14:13:00,2018/5/29 14:39,2018/5/30 14:09,2018/6/4 21:26,2018/6/21 0:00
583897e4cf9cd552e5abfacdf82bcb75,30446ea2e198de0fd4d7a05ec53c046e,delivered,2018-05-29 21:58:00,2018/5/29 22:13,2018/6/4 15:30,2018/6/7 21:38,2018/6/29 0:00
b124967afcc82ef17ec41020fe2a9136,43dd5cdd60809c5f268d9d3b1e5b986d,delivered,2018-05-29 16:19:00,2018/5/29 17:18,2018/5/30 14:09,2018/6/1 15:48,2018/6/21 0:00
de0d8b8e774b3211e7e001d3e5985470,55fd5d10a5036383fe19af015d2e5a80,delivered,2018-05-29 14:21:00,2018/5/29 14:39,2018/5/29 14:26,2018/6/6 20:26,2018/7/4 0:00
19bb820442f9f4a4efe0ee64f855d532,2834eff6cf7bd868e71858ea37ccada1,delivered,2018-05-29 17:07:00,2018/5/30 7:34,2018/6/5 11:39,2018/6/18 13:48,2018/7/5 0:00
f3c973baad2d145cc17da5473621e0db,3bf70d98adff5db9b2292184cb16e078,delivered,2018-05-29 10:13:00,2018/5/29 10:38,2018/5/29 12:31,2018/6/11 13:32,2018/7/24 0:00
ddd825e286b58aca3f41de496744dc1e,03ce599d2de7554119405035652e592c,delivered,2018-05-29 09:41:00,2018/5/29 9:56,2018/6/1 9:58,2018/6/7 20:22,2018/7/12 0:00
881206af1a6a9cd34119b99782759dd4,c868a030c18275a4b69dec550b92a6d5,delivered,2018-05-29 14:01:00,2018/5/30 2:32,2018/5/30 11:06,2018/6/2 12:35,2018/6/21 0:00
eb93e1cf85b4a7ca753e6b6bca9cb1bf,0750772d41a8b042cde18f59e30522b5,delivered,2018-05-29 19:11:00,2018/5/29 19:32,2018/6/4 13:40,2018/6/20 23:02,2018/7/17 0:00
982c51d6339b46194f28cd465e72e740,c5f6afd37241e12a72bbe95c5564ce6d,delivered,2018-05-29 14:25:00,2018/5/29 14:52,2018/5/30 12:47,2018/6/8 1:51,2018/7/19 0:00
afaf7af5b20257063f84ff0cafd16820,f53b9a6bb4e1039f26d9c3225dc84fb5,delivered,2018-05-29 13:17:00,2018/5/31 3:35,2018/6/4 14:33,2018/6/13 20:12,2018/7/5 0:00
c2b416c2ac6019a220bca3ef9ac48682,7a2ec550d65ca275353c30ec80a633c0,delivered,2018-05-29 17:50:00,2018/5/29 18:11,2018/5/30 13:50,2018/6/5 19:28,2018/7/3 0:00
d5b69ea836793de5711675fef3e119ac,1c1e5060ceea7bcf6ea312692655d2ce,delivered,2018-05-29 00:19:00,2018/5/30 0:16,2018/6/5 14:01,2018/6/12 21:46,2018/7/3 0:00
c0c1739aaf78cfa636a69c10519b9876,6b8894ad156c065a00870dbd022c9d23,delivered,2018-05-29 20:27:00,2018/5/29 20:54,2018/5/30 14:03,2018/6/13 0:03,2018/7/5 0:00
09cbcd1a5e559da522327abcf7e30dda,27464fbd955e5b0bad2c0eaa46cd2f4b,delivered,2018-05-29 11:10:00,2018/5/29 11:30,2018/5/30 10:09,2018/6/12 20:08,2018/7/16 0:00
fd146e195b9e3e00d02a5bf4208e043a,064df8d7cfbb640ce62f296cd3f76c35,delivered,2018-05-29 13:53:00,2018/5/30 13:50,2018/5/30 14:45,2018/6/10 13:06,2018/6/21 0:00
9f672a6ad991e6e232e91e479ab1d0ef,efd0675fcbdaf56e198a09ad3829ecf8,delivered,2018-05-29 13:30:00,2018/5/29 13:58,2018/5/30 11:27,2018/6/13 18:38,2018/7/11 0:00
3d6024a65d547d75ce7c38da01993565,71dcbb257571501de1dc58ac8321a39b,delivered,2018-05-29 18:27:00,2018/5/29 18:51,2018/5/30 16:40,2018/6/2 11:16,2018/6/21 0:00
056ea0ed4a967ffdde98507a7d5656a2,a81f98f9ecc7838dd8e9853eee3be318,delivered,2018-05-29 16:07:00,2018/5/29 16:38,2018/5/30 12:29,2018/6/6 21:12,2018/6/29 0:00
e35f04a0b16431eb95c9f179c004f500,f8c39e0e6bfc93d6b12d7ea11a4ecf90,delivered,2018-05-29 20:16:00,2018/5/29 20:34,2018/6/1 12:54,2018/6/13 14:29,2018/7/20 0:00
b65162879a74ce2aeca593f3ca44cc82,fbc42f9ed93a277c32801fbf815fe9fd,delivered,2018-05-29 21:09:00,2018/5/29 21:35,2018/6/1 13:10,2018/6/8 18:29,2018/7/11 0:00
e73f1e4b75fb2dfc4c18f8c2afd75687,e7067f47085adab23af0e0a72857de91,delivered,2018-05-29 08:53:00,2018/5/29 9:15,2018/5/30 8:53,2018/6/13 19:08,2018/7/5 0:00
d6705951df2cac2fe31e4701c9a29214,be216fa0ff62882b04972080bc6af335,delivered,2018-05-29 16:59:00,2018/5/29 17:30,2018/6/4 15:23,2018/6/12 19:28,2018/7/4 0:00
f2b0b1751d796ee3bf5df90cb7c1c213,fc329f76b6bbfcdb6faafd1ec6c2dcc2,delivered,2018-05-29 22:00:00,2018/5/29 22:13,2018/6/4 11:02,2018/6/8 22:57,2018/7/4 0:00
77a80305f3e556475b3dfe923e8d6735,260653b481f6bb5ec7cfc7650b4c4608,delivered,2018-05-29 10:48:00,2018/5/29 11:18,2018/6/5 13:32,2018/6/14 0:38,2018/7/12 0:00
896f988855a09982ee61d501ef6543a3,5c73080fe93e1ba7867bcd53ff3b1839,delivered,2018-05-29 14:51:00,2018/5/29 15:18,2018/5/30 14:46,2018/6/1 15:56,2018/6/14 0:00
bfda4f6e444f936f87738b840f1221e8,8f0e341772a248cb96e5267c4386e35c,delivered,2018-05-29 10:07:00,2018/5/29 10:38,2018/5/29 14:38,2018/6/5 0:44,2018/7/19 0:00
608d2b1247d371f22cbfa16713c82786,6f2606c75e06082426969fda7ae78f6c,delivered,2018-05-29 13:08:00,2018/5/29 13:31,2018/5/29 19:05,2018/5/30 21:47,2018/6/21 0:00
fd8d6592a0d37e21eca3451890fe64d5,35bf8740c8b1f9ff9291e069d7621ae2,delivered,2018-05-29 19:09:00,2018/5/29 19:32,2018/6/1 10:03,2018/6/19 23:09,2018/7/5 0:00
d8b32d5403c47d8ee3dadd8efa2fa960,acad30e4ebb94a53408cd3796bb56a97,delivered,2018-05-29 21:23:00,2018/5/29 21:35,2018/5/30 20:35,2018/6/1 21:52,2018/6/21 0:00
cb5c1ad1fb0068c83523238259a8e930,732b3392e5516cb60017547792c7e141,delivered,2018-05-29 08:10:00,2018/5/31 3:10,2018/6/5 7:06,2018/6/19 18:58,2018/7/13 0:00
b7dbad6a19140585d000bbc6e1e11168,389533a6b82f26804955dab1aca4a379,delivered,2018-05-29 14:29:00,2018/5/29 14:52,2018/5/30 13:10,2018/6/26 12:03,2018/7/13 0:00
0d9e44ba18b82a7d8e8a9e61681a3e2a,045a67d23d3e4a1cc8aa412d8f8b79d2,delivered,2018-05-29 21:02:00,2018/5/30 13:50,2018/6/6 12:06,2018/6/7 17:04,2018/6/21 0:00
1f18d6138f5af59adb5a379ea575d555,9e28e7712d72035236cfbd785851e4b1,delivered,2018-05-29 00:08:00,2018/5/30 2:15,2018/5/30 16:58,2018/6/12 16:38,2018/7/12 0:00
c58cfe890d48c47bf22b6bfe55b6cddb,47c2b21c22de46f42a427db0ea223499,delivered,2018-05-29 13:20:00,2018/5/30 19:51,2018/6/4 11:52,2018/6/21 16:26,2018/7/18 0:00
9ed58fe0fbd409abc65188eb96c650ac,9052a30c5a1bde768913c851230d085a,delivered,2018-05-29 19:16:00,2018/5/29 19:32,2018/5/30 10:23,2018/6/6 14:19,2018/6/29 0:00
5b265b1557d0d44a32df50b4fbf98c7b,dcdc259ec5bacca962c1ea9ba705b4b1,delivered,2018-05-29 10:04:00,2018/5/30 2:15,2018/6/5 15:26,2018/6/26 11:03,2018/7/27 0:00
7e7ed851224124724e3058ab01051711,621bd139a00b6dc7d6d68635e3b558f4,delivered,2018-05-29 08:20:00,2018/5/29 8:35,2018/5/29 14:38,2018/6/14 17:52,2018/7/13 0:00
44a4b28fae9dd152c7102f54dcd723b9,041e732946d597aa439b595a2def33f3,delivered,2018-05-29 14:36:00,2018/5/29 14:52,2018/5/30 13:46,2018/6/15 18:12,2018/8/6 0:00
a60d615fe2a3b8581bc633e0cb72bdc6,44bba1946549ecb0db3c04da76335842,delivered,2018-05-29 06:20:00,2018/5/29 6:35,2018/5/29 14:38,2018/6/19 21:04,2018/7/5 0:00
acf31320a17ec091f71b623a3b776760,ed1d3344630551529af3894e65b1ca57,delivered,2018-05-29 16:32:00,2018/5/29 16:51,2018/5/30 11:06,2018/6/6 0:38,2018/6/21 0:00
7d6b40109573304141d61d0eb6819e48,1b622df06565612870f1f1ae7f77bee8,delivered,2018-05-29 13:55:00,2018/5/29 14:41,2018/5/30 13:19,2018/6/2 13:22,2018/6/21 0:00
98c809bf2e8392fc389fdf8e2bfbb856,0d15109f485330cb77c3721039e60cdd,delivered,2018-05-29 10:26:00,2018/5/29 11:18,2018/5/30 12:28,2018/6/1 17:58,2018/6/21 0:00
7002f5420d7a37aebd4c740b01b2fd5f,0f2bfd92b901a88af663262ed4480d63,delivered,2018-05-29 09:40:00,2018/5/30 9:35,2018/5/30 13:50,2018/6/6 18:56,2018/6/29 0:00
078c9d6d720f254fc10c5a162169197f,699378662a662906118d5c91b689e7db,delivered,2018-05-29 20:59:00,2018/5/30 20:55,2018/6/1 10:03,2018/6/7 12:38,2018/6/29 0:00
578daeebdebcc19bd2dcba1f6b06b3ce,af31beb9cb1ad7f0dd644d33b9e9ea44,delivered,2018-05-29 18:54:00,2018/5/29 19:17,2018/5/30 8:53,2018/6/2 14:12,2018/6/21 0:00
0f758f5895563ce1892043bc8f17dda1,817221d10fd8831a6a1357cf8fb5fd61,delivered,2018-05-29 08:25:00,2018/5/30 2:13,2018/5/30 13:51,2018/6/20 13:22,2018/7/13 0:00
81672c21ff06fb612df0660ff7d9ae06,937afb3c743cbde0849c9f8463628d15,delivered,2018-05-29 10:48:00,2018/5/31 3:36,2018/6/4 14:24,2018/6/13 21:06,2018/7/4 0:00
9509e22a50417250e3fd7a2bb03d584c,3fe95cb06e9595e91a7dc8d838c9aca0,delivered,2018-05-29 14:38:00,2018/5/29 14:52,2018/5/29 19:05,2018/6/6 14:29,2018/6/21 0:00
4cfcf0598ac30b637d0ded5abcdc74f6,a732e3e70fe678aca25c0e1fce6c93b2,delivered,2018-05-29 11:02:00,2018/5/30 10:56,2018/5/30 13:34,2018/6/15 14:47,2018/7/4 0:00
976843b1cee7809a5c79f63a3c9b3222,ed0096b07e87f8f4144ec8298961241d,delivered,2018-05-29 13:47:00,2018/5/31 3:10,2018/6/6 12:49,2018/6/7 15:38,2018/6/21 0:00
33204aca443f9855e3b8451d179a81a5,2079b31eb86ac16ea4970c754c032393,delivered,2018-05-29 16:26:00,2018/5/29 16:51,2018/6/1 10:46,2018/6/7 12:12,2018/6/29 0:00
77eebc56e710b7d5e02097984981cd76,38e3937c97e049632e77de6d05648412,delivered,2018-05-29 18:10:00,2018/5/30 14:17,2018/5/30 14:05,2018/6/4 15:24,2018/7/17 0:00
afbf35931e267fd7988736eea16cdb9e,2521a12c6bff747f076e24ab251f7392,delivered,2018-05-29 22:50:00,2018/5/31 3:35,2018/6/5 9:22,2018/6/8 14:49,2018/6/21 0:00
add699884e555b7dc441e33f35ddade0,89973f1f8bf114f269edc752c90205ec,delivered,2018-05-29 13:50:00,2018/5/29 14:11,2018/5/30 11:00,2018/6/11 20:37,2018/7/11 0:00
5d38e21bcfe6ead5e9e882d4f8c828b1,77288bb8fa44aa8f566bee266398f2ef,delivered,2018-05-29 17:31:00,2018/5/29 17:57,2018/5/30 17:32,2018/6/1 19:42,2018/6/21 0:00
0bf144db6ca7ef970a25b6a720947622,964b34423c822e9bd9831635ccc83db2,delivered,2018-05-29 16:36:00,2018/5/29 16:51,2018/5/30 14:55,2018/6/12 16:18,2018/7/19 0:00
0eccc15fe0cf8638062ecf10382350f1,21078c8fac1a0e33a4ff86590d39e060,delivered,2018-05-29 17:14:00,2018/5/31 3:35,2018/6/6 10:53,2018/6/18 20:17,2018/7/5 0:00
2199eb036d812a867e2b1e1dc7434366,048de0c58d1e0162415cff6a34e2df65,delivered,2018-05-29 16:16:00,2018/5/30 2:15,2018/5/30 14:06,2018/6/3 14:26,2018/6/25 0:00
b9f687bd75452f5a9050f0445c27b724,c162bf3f0e129a637a3a63caaf4d17fc,delivered,2018-05-29 08:00:00,2018/5/29 8:15,2018/6/5 13:32,2018/6/6 14:06,2018/7/5 0:00
ef4a9e7b022119a6865b3999e1c221d4,de4a8365eed721e1ee8a2993cd739f46,delivered,2018-05-29 18:28:00,2018/5/29 18:51,2018/5/30 7:27,2018/6/11 19:12,2018/7/5 0:00
625b3de89355b67e8efec2e3c467d6e0,18612b0caa6abd8c64a1240be7f0c06c,delivered,2018-05-29 19:35:00,2018/5/29 19:55,2018/5/30 14:45,2018/6/5 19:18,2018/7/13 0:00
9b2219c364534d3bc6d3e82b1db3c37d,287d466084573ecace619577f69640b2,delivered,2018-05-29 18:43:00,2018/5/30 18:55,2018/6/1 14:45,2018/6/4 13:42,2018/6/21 0:00
63f5cc3a2a31c01c270d24d397a54274,e4dbb700c76f5706dd58f9b9ef613aed,delivered,2018-05-29 07:58:00,2018/5/30 7:11,2018/5/30 13:12,2018/6/5 21:54,2018/6/21 0:00
51402937e32c2e11f7aa13d58d0054f1,51b68bdfa70c047b4402d6fc01ba0684,delivered,2018-05-29 19:19:00,2018/5/29 19:32,2018/5/30 14:46,2018/6/13 19:12,2018/7/5 0:00
ee7aab7615cfc22e52462047d0e9f0db,a69a414dbd9ed9dfeb3291be9881627a,delivered,2018-05-29 08:41:00,2018/5/31 3:15,2018/6/7 13:08,2018/6/8 11:58,2018/6/21 0:00
c58c26b5495d953f484006db77adef1f,6049a34e4b3cbda73b1bc05212cbd25a,delivered,2018-05-29 10:33:00,2018/5/29 10:50,2018/5/30 14:34,2018/6/5 0:48,2018/7/3 0:00
a187a55e25f2e2c152c294a12a9da0d0,cd985227e7e8ceab7d42757b44a5039f,delivered,2018-05-29 22:36:00,2018/5/29 22:54,2018/5/30 15:33,2018/6/6 19:22,2018/6/21 0:00
6e1199a328a9d52a7f04542ee9092ff1,89ed9f545e7adb16e072d52358423f8c,delivered,2018-05-29 03:34:00,2018/5/31 3:10,2018/6/4 15:23,2018/6/8 16:35,2018/6/29 0:00
b1268365b664df441154c615681ed911,48eea89af40f6e6691d00c5ab16a1f22,delivered,2018-05-29 22:09:00,2018/5/31 3:36,2018/6/1 14:52,2018/6/6 22:27,2018/6/29 0:00
6804819a81c7f5ddaa37b18b5824ddd9,2b626729e6d9c7d61d07f623c9602f2f,delivered,2018-05-29 16:27:00,2018/5/29 16:51,2018/6/1 10:46,2018/6/12 19:14,2018/7/4 0:00
4f10217309e749b2c974370ca1f4d36e,9f0cb6ef09f0c4373e8713cd9bbb7673,delivered,2018-05-29 16:52:00,2018/5/30 2:32,2018/6/5 8:32,2018/6/7 22:22,2018/7/3 0:00
6f73a96cdd874d89723d560bda640b52,b88d262675f908d6b0a3958c6a091e74,delivered,2018-05-29 09:06:00,2018/5/29 9:15,2018/6/8 10:24,2018/6/14 15:57,2018/7/13 0:00
e8b190298e9df363a6c2f7509dd413fb,f67b9ce7548e47223d43a3ee3242f7d9,delivered,2018-05-29 11:59:00,2018/5/31 3:36,2018/6/4 14:25,2018/6/7 19:38,2018/6/29 0:00
30ca6695cae8ac10c2431a366d30f0c2,a049003658eecf3b1d87246e326b3eb8,delivered,2018-05-29 02:29:00,2018/5/29 2:51,2018/5/29 13:44,2018/6/7 22:42,2018/6/29 0:00
ddc6faf8f6c347a8c369d7c2b7cc6989,c223939860940fd82bd05c7e02db0673,delivered,2018-05-29 11:59:00,2018/5/29 13:18,2018/6/5 12:34,2018/6/15 18:03,2018/7/4 0:00
67a133230aa69348648d14a177951fa6,96293c4b062e3cc55e86f6e843e9fa02,delivered,2018-05-29 21:30:00,2018/5/30 16:16,2018/6/1 15:10,2018/6/7 16:24,2018/7/3 0:00
cebd090c9689c0cf282f067646f9c5ef,151fbaadc520b0f6a4a96965dd393a24,delivered,2018-05-29 11:23:00,2018/5/29 11:57,2018/6/4 8:00,2018/6/11 19:03,2018/7/4 0:00
7c455f1b3dd0fd15fc19e4372c451056,3f04be4f88546351e2d895e9fc9d0a7f,delivered,2018-05-29 11:37:00,2018/5/29 13:18,2018/6/11 14:23,2018/6/13 14:29,2018/7/4 0:00
a5016f72057fe780772bd4c88fa95951,05d6b909009e98a4cb2330bc6a4651ef,delivered,2018-05-29 11:33:00,2018/5/30 2:32,2018/5/30 14:26,2018/6/3 12:02,2018/6/29 0:00
96b7f5a470ca6a58f261be1af286e4d9,b35a12036c527e0cc8e2310bc04c14a4,delivered,2018-05-29 16:42:00,2018/5/29 16:51,2018/5/30 13:36,2018/6/8 21:33,2018/7/12 0:00
f62c176f45acd8992e70d81c62d08971,96a27c3f6479c998aa26265070853e00,delivered,2018-05-29 14:54:00,2018/5/29 15:18,2018/6/4 11:44,2018/6/5 11:38,2018/6/21 0:00
e94463ec887705d951724d52248d7855,0a014efd7c067b6527b82c28abef318d,delivered,2018-05-29 16:28:00,2018/5/29 16:51,2018/5/30 14:09,2018/6/19 18:24,2018/7/4 0:00
334aeb42957ddc27b1e35631aa2d120e,2d900f649b6456aa43078c5f05d3079b,delivered,2018-05-29 20:21:00,2018/5/29 22:32,2018/5/30 15:17,2018/6/1 18:41,2018/6/21 0:00
f52b051fa3520b5b162e98796d07c186,393575d48a375f4a8d356042491d0da8,delivered,2018-05-29 14:40:00,2018/5/30 2:15,2018/5/30 13:12,2018/6/7 23:52,2018/7/5 0:00
a3374c409bf808d17d67d18b3e578e68,f43f43ca7b596646c12c4ca7712c40cf,delivered,2018-05-29 23:21:00,2018/5/29 23:35,2018/5/30 13:34,2018/6/7 17:41,2018/7/30 0:00
935f9339b5dd814b7ff8cfbedf010732,6f2da93c70443d0dc6c0a0f7d24b2aa3,delivered,2018-05-29 23:23:00,2018/5/31 3:36,2018/6/1 14:40,2018/6/3 17:03,2018/6/21 0:00
bdb86a981cb75aa7ea9ca816e2485904,d4aadc1451a181aa980044087d8a3206,delivered,2018-05-29 13:25:00,2018/5/29 13:57,2018/5/30 14:35,2018/6/8 4:56,2018/7/20 0:00
3c469482cf99003bb0246dc0396eafa4,5bbf5988e9a6e1d1cad707bcbf737096,delivered,2018-05-29 14:34:00,2018/5/29 14:52,2018/6/6 15:18,2018/6/22 16:04,2018/7/26 0:00
dbbb8658d9a27d2be4cefb9a9a5d9e33,1557244dadd25bbf0b7c24aa8c76cc2c,delivered,2018-05-29 21:59:00,2018/5/29 22:32,2018/5/30 14:40,2018/6/2 13:41,2018/6/21 0:00
4ab8b7a8e23908984157974ae4ad6436,21b90719d24eb01136a753197b79bb3b,delivered,2018-05-29 08:17:00,2018/5/30 8:15,2018/5/30 14:33,2018/6/1 15:20,2018/6/14 0:00
2476a3346dc4a10dd9238bc6dac93f89,0e665af399629d6d496da8998a5ccbae,delivered,2018-05-29 19:35:00,2018/5/29 19:55,2018/6/5 12:11,2018/6/7 14:48,2018/7/5 0:00
a37fcd79d371bcc1cfb7c63a00a3c770,89455e55be2ea1c28c8f78b64c359fc8,delivered,2018-05-29 20:28:00,2018/5/29 20:54,2018/5/30 11:02,2018/6/4 19:26,2018/6/21 0:00
39bbf01b4fdb433927dd3fa6177607da,535ea92ca9d049b0601f1ada42396b67,delivered,2018-05-29 21:42:00,2018/5/29 21:54,2018/5/30 14:03,2018/6/1 22:08,2018/6/21 0:00
5ae6d4878571e9513c93413ee5ea1fe2,9a913ef439fcfc71384ce3cf53e7a780,delivered,2018-05-29 01:12:00,2018/5/31 3:10,2018/6/1 12:33,2018/6/12 7:20,2018/7/4 0:00
820c39d59fdb0ec31f14070eabca7a15,bb236a7c776991c064b371715a445b78,delivered,2018-05-29 11:31:00,2018/5/29 13:31,2018/6/4 10:52,2018/6/27 18:06,2018/7/20 0:00
089f9bfea8386f4b212e2145f7ad563b,2df9465dba13fc692e05390a8c4d1e18,delivered,2018-05-29 07:39:00,2018/5/29 7:55,2018/5/30 14:41,2018/6/1 16:38,2018/6/21 0:00
08724b06f2204993989fa6c331dfa3d6,b39f78012ca3eac8a5c46e5817b1c5bf,delivered,2018-05-29 18:02:00,2018/5/30 14:16,2018/6/6 11:26,2018/6/11 17:12,2018/7/3 0:00
12f3eaf92da599fd1abd3dc8e21bff0d,b942cab34162601135ebc316dea824a7,delivered,2018-05-29 23:06:00,2018/5/31 3:35,2018/6/5 19:03,2018/6/7 13:32,2018/6/21 0:00
119f1430154997cf2ea4e905667408d1,326bd99b43665ac9e198d45b189740b5,delivered,2018-05-29 02:29:00,2018/5/29 2:51,2018/5/29 14:04,2018/6/6 20:04,2018/7/4 0:00
0046176ff0dbc2a178b7885355dfbb71,6cae94f1f58ab679c23ceb753967c9bf,delivered,2018-05-29 19:22:00,2018/5/29 19:35,2018/5/30 11:29,2018/6/4 18:18,2018/6/29 0:00
0e2aae39225d075cc7fdfda12ef5434f,4a6bf8e14787e241f4d5dfad9a6dd6bf,delivered,2018-05-29 19:36:00,2018/5/29 19:55,2018/6/4 12:05,2018/6/12 18:14,2018/7/5 0:00
69b03f2aed38a9b622ddad0998b00ccb,8ec995e911f92a26221b61e7d7e98c77,delivered,2018-05-29 00:19:00,2018/5/29 0:35,2018/5/29 12:09,2018/6/7 18:07,2018/7/12 0:00
02fbb3b024a111c7e8a629bbd86df0e2,22fe25aae324ee80194e8fabf7d6970a,delivered,2018-05-29 17:47:00,2018/5/29 17:57,2018/5/30 21:24,2018/6/7 1:58,2018/6/14 0:00
6c23e2678bf779526bbb96776800a471,d09feea13dee71db39f02d3ba3030c21,delivered,2018-05-29 18:46:00,2018/5/30 18:55,2018/6/1 13:54,2018/6/8 15:41,2018/7/3 0:00
95dc0bd3155ab8bbe4d5076ea9658805,a0e0e61ee7da5fc5cc8333cff7f4e90a,delivered,2018-05-29 13:38:00,2018/5/29 13:58,2018/6/6 15:01,2018/6/18 19:26,2018/7/11 0:00
34984c4e45c628649f0e6c60a8f626f9,419fd4034de389a5bca6eded55d8a1c7,delivered,2018-05-29 23:33:00,2018/5/29 23:51,2018/5/30 13:13,2018/6/1 14:28,2018/6/21 0:00
f4a0d0b492776bcd3baab5d1f826b131,6887855de82e990aa40afea563f79b83,delivered,2018-05-29 15:28:00,2018/5/29 15:59,2018/5/30 10:06,2018/6/1 11:24,2018/6/21 0:00
bf0e0772c9e81651f6f0f255ed74bf88,ba796cfb1a430e5d6ceed83cde80ff92,delivered,2018-05-29 13:46:00,2018/5/29 14:11,2018/5/29 14:09,2018/6/12 12:56,2018/7/11 0:00
b2f3763408103bc7173bb36ed02dbeea,d0e6cb83a3fc27f56be011b2941f54c6,delivered,2018-05-30 22:33:00,2018/5/30 22:55,2018/6/11 14:44,2018/6/18 23:07,2018/7/16 0:00
fb6ba131bbeb30fd6db9c8900b5c5b92,af5b08db5f1a31a3b6856a8a6dc33167,delivered,2018-05-30 02:41:00,2018/5/30 3:24,2018/5/30 13:39,2018/6/22 22:41,2018/7/18 0:00
54d591a90dbfa19ae578252a9b5a2720,17b02ec522ef587a82a5b69450648f1b,delivered,2018-05-30 17:38:00,2018/5/30 17:58,2018/6/6 15:01,2018/6/11 18:03,2018/7/12 0:00
b436fd24a04e7267307e1d900faa8eb1,20217ca968adf8f08c5916bf09c33d7f,delivered,2018-05-30 12:58:00,2018/5/30 13:09,2018/5/30 14:52,2018/6/4 22:46,2018/7/20 0:00
9457f83b9faf36f40019d656cb5679f1,a6981c9a8bc899ed4f22b9e5b70796a1,delivered,2018-05-30 23:21:00,2018/5/30 23:35,2018/6/5 19:03,2018/6/6 13:58,2018/6/25 0:00
016fbc333d66b414be541c6159576c40,83fc79bfef5a8fb84c5d77f3748e0064,delivered,2018-05-30 18:09:00,2018/5/30 18:30,2018/6/1 14:58,2018/6/11 21:28,2018/7/24 0:00
958203017423df129c09a359f552907c,375478c8a0ad1c1b8a2c27cde81a25c4,delivered,2018-05-30 11:57:00,2018/5/30 12:17,2018/5/30 14:26,2018/6/6 14:16,2018/7/3 0:00
be352bbad6d37a556d8ed5fc593bf248,4cad15d0f25fe2fee5f6b3dee45b8d4c,delivered,2018-05-30 18:01:00,2018/5/31 3:36,2018/6/7 14:23,2018/6/13 17:51,2018/7/16 0:00
cb5fbb27c5009572818e03f9e690edf2,7db36170d6f4124ef2c2d65b5eb3ef25,delivered,2018-05-30 09:37:00,2018/5/30 9:50,2018/5/30 12:27,2018/6/7 18:08,2018/7/3 0:00
816fd1f12f703f9825eb7c4c307388b5,ba225d2770cc7c6f31a43e73472f7d6e,delivered,2018-05-30 17:50:00,2018/5/30 18:15,2018/6/22 18:42,2018/6/27 0:54,2018/7/3 0:00
227f6b7df58413c52832b11ec24b30a1,ada4af8902da278c18ba8834a1c1faf4,delivered,2018-05-30 22:27:00,2018/5/30 22:55,2018/6/1 6:42,2018/6/19 16:34,2018/7/16 0:00
d3c8fb7435390e64e1e0aeea689d5876,5a11898c695e0fd87e5af9d759ae78e1,delivered,2018-05-30 15:03:00,2018/5/30 15:15,2018/6/7 14:07,2018/6/21 16:12,2018/7/13 0:00
65419e669552c3526937c367f1edd754,51c2d801c9abf8e543afa3fb64f1dee5,delivered,2018-05-30 10:54:00,2018/5/30 11:10,2018/6/1 12:53,2018/6/8 21:08,2018/7/3 0:00
cc56a1a4acaf02f1c4732ca37b83ca9c,84e85061282f013a94d02fd9341bf527,delivered,2018-05-30 14:53:00,2018/5/31 3:35,2018/6/4 14:50,2018/6/6 18:28,2018/6/28 0:00
3bb7e15f832b43684ecf3640069145d2,efd8fc506b3614e1912ea2b6a5a50f47,delivered,2018-05-30 20:23:00,2018/5/31 3:36,2018/6/1 11:53,2018/6/6 19:58,2018/7/4 0:00
785ceb77eb42e247a85b8e65c7724ac8,ae83036a02bba05dd6b35f2d1b236b97,delivered,2018-05-30 22:30:00,2018/5/30 22:55,2018/6/4 6:21,2018/6/18 18:12,2018/7/11 0:00
2d5300bba84cf82131127fb8661c095a,016b15d60fe523cbfb8bda340e0cd769,delivered,2018-05-30 16:00:00,2018/5/30 16:16,2018/6/1 14:00,2018/6/5 11:41,2018/7/4 0:00
578c276c17c1fe56c31270a2a20f9982,477d86c69046e0524d097ce4619f78c2,delivered,2018-05-30 16:06:00,2018/5/30 16:16,2018/6/1 13:36,2018/6/5 22:49,2018/7/12 0:00
f6b99780deb1f264dee5f8b809a3a34f,adb5acf675d7aa2740ab319260930714,delivered,2018-05-30 23:55:00,2018/5/31 0:16,2018/6/5 19:03,2018/6/6 14:15,2018/6/26 0:00
fd073f02f85b4b2631ee7f04c82c8004,d40dcad6444b925d32b4cdbe15dac05a,delivered,2018-05-30 15:49:00,2018/5/30 16:16,2018/6/1 15:10,2018/6/11 20:51,2018/7/11 0:00
7292e5cb806b92ec0b4545c59b788608,af115f332ba7f4d546292157fdc17037,delivered,2018-05-30 00:10:00,2018/5/30 0:31,2018/6/1 14:42,2018/6/28 23:21,2018/7/23 0:00
03a77816f8b67ef237ecca2c772c4851,d8c87ef39b9996034c86991b5cb7f20d,delivered,2018-05-30 21:48:00,2018/6/5 4:30,2018/6/5 12:47,2018/6/12 16:59,2018/7/5 0:00
05918cf24658c4ee3a67a684684305d3,9cc1ab706200b513b1940668dc1a206b,delivered,2018-05-30 11:58:00,2018/5/30 14:47,2018/6/1 14:41,2018/6/27 11:28,2018/7/12 0:00
f8a9c0be5071e2ca36f561ad567b1800,40e141d432fb1a06f862197c9c0de0ce,delivered,2018-05-30 09:21:00,2018/5/30 9:34,2018/6/5 12:19,2018/6/13 22:48,2018/7/5 0:00
5bd56b595a9879fb7f67ae6253450883,34b952761872fb187fd49efa5593ba21,delivered,2018-05-30 12:06:00,2018/6/5 4:35,2018/6/5 8:01,2018/6/18 14:03,2018/7/12 0:00
4d60e5659a5be3b15be731b5882ecc3e,aad247815d757e959d4a0d5e0dabefb3,delivered,2018-05-30 10:18:00,2018/5/30 10:30,2018/6/5 7:06,2018/6/6 15:32,2018/6/25 0:00
f71786d492e3575ce6af4785508e1846,0b174050b751d2fad395123bd2a23568,delivered,2018-05-30 10:21:00,2018/5/30 10:30,2018/5/30 14:52,2018/6/11 14:42,2018/7/17 0:00
19c6c1105d0814693c2555123f76cc1c,5b0cea612ade0b822a1cde77418a9791,delivered,2018-05-30 07:37:00,2018/5/30 7:51,2018/6/4 13:32,2018/6/15 19:34,2018/7/18 0:00
b691ffb0177f480a9a5eb8772050bb2d,5d8e9bf326847e0aff523d2a032bbfe6,delivered,2018-05-30 16:20:00,2018/5/30 17:57,2018/6/1 15:12,2018/6/8 0:38,2018/7/4 0:00
67657701feeda0e62f6364ab7d3add38,4007032059e3f978b304bc9619aee015,delivered,2018-05-30 20:48:00,2018/5/30 21:10,2018/6/1 14:31,2018/6/6 0:04,2018/6/25 0:00
1b3870263ab7aa66a5e2ca30df8fd3d7,f0654b836659036175a0103e9fcb2e4e,delivered,2018-05-30 10:58:00,2018/5/30 11:10,2018/5/30 15:13,2018/6/8 13:26,2018/7/3 0:00
3d25ea8a710032b1b66683b23027c0a6,1bcafd5a67fb1b6b93ce4f4ad78e9f79,delivered,2018-05-30 18:20:00,2018/5/30 18:31,2018/6/4 14:13,2018/6/8 15:38,2018/6/25 0:00
f66a5fefcb2773c75713ad0742801b50,1314dcf9eabbe2717be59c886a3bde74,delivered,2018-05-30 20:25:00,2018/5/30 20:55,2018/6/4 7:00,2018/6/8 23:05,2018/7/11 0:00
eed6de9f4e402f8a8f204646b98307ab,de017a7470c1080fb969cf1241087883,delivered,2018-05-30 02:17:00,2018/6/2 3:31,2018/6/4 14:31,2018/6/12 12:13,2018/7/11 0:00
9986ac2a8cad0d983e8a964b94aa8149,8e6f5fce73ad1569600b35407ed6721b,delivered,2018-05-30 00:17:00,2018/5/30 14:57,2018/6/1 14:52,2018/6/13 19:36,2018/7/11 0:00
a7833628c3a6c045fc5795989947707a,cd970e72a666ac583850eb53ebf620b8,delivered,2018-05-30 17:38:00,2018/6/2 3:11,2018/6/4 14:07,2018/6/6 19:07,2018/6/25 0:00
fefc60b6174117cb96cd5eeaec4188b5,fe8d5179f52ce81e03233bd79bbe5f28,delivered,2018-05-30 13:42:00,2018/5/30 14:47,2018/5/30 14:11,2018/6/12 15:10,2018/7/11 0:00
e17f748fe026c219e312859a2188b07a,c4afd1cfe980f2dc3022f3646411cb9c,delivered,2018-05-30 08:31:00,2018/5/30 8:54,2018/6/1 14:45,2018/6/6 21:38,2018/6/25 0:00
58933cbe8ca93dbada467cc7b2eebd7c,0e05e54f8ee266e19c910ec3073c24d4,delivered,2018-05-30 09:10:00,2018/5/30 9:35,2018/5/30 14:05,2018/6/6 1:06,2018/7/4 0:00
09475a764868b0fa004ced42388fe6c6,13db6d94faa6734d80cd12f22df84a56,delivered,2018-05-30 14:14:00,2018/5/30 14:31,2018/6/1 14:40,2018/6/9 13:42,2018/7/3 0:00
03d7dd4730b71e0a310c9b30431c1961,da8dfb2660ba315e2a99e6e3aa2f5c10,shipped,2018-05-30 19:42:00,2018/5/30 19:55,2018/6/1 14:11,,2018/7/3 0:00
a5c654c2a0126153f98af71a65a159de,b2817df30d7390a156ef1514c284010c,delivered,2018-05-30 23:05:00,2018/6/4 12:10,2018/6/5 8:45,2018/6/12 20:06,2018/7/13 0:00
82c1d5e96ea750adc1f2c2011af5b0e6,5acb73b6b3d97377b7f750208b7ff478,delivered,2018-05-30 18:47:00,2018/5/31 3:36,2018/6/5 13:21,2018/6/6 16:33,2018/6/18 0:00
2927b6be262c5528b8135e5d330c00f9,001051abfcfdbed9f87b4266213a5df1,delivered,2018-05-30 09:19:00,2018/5/30 9:34,2018/5/30 14:10,2018/6/4 19:08,2018/7/4 0:00
d0f9f41e51b973c669a8c5f4c629eda9,b9ed552047d9caec7b90ff5f1cbba509,delivered,2018-05-30 19:01:00,2018/5/30 19:35,2018/6/1 13:21,2018/6/12 17:31,2018/7/18 0:00
14d113827939e9deace0b2afb528f1bb,f6ec7c6e0151f752c79e2f026a90da12,delivered,2018-05-30 15:19:00,2018/5/30 15:35,2018/6/4 19:22,2018/6/5 22:46,2018/6/26 0:00
05bef443b850685058070c9e781988e8,4ff3f3945300d8e040f2906998401e92,delivered,2018-05-30 16:33:00,2018/6/1 10:52,2018/6/1 13:54,2018/6/26 19:03,2018/7/5 0:00
fa2299624a4957d95dd526fc552d1ff1,6c4db8956588a32f2e15cd587c31c12f,delivered,2018-05-30 19:32:00,2018/5/30 19:51,2018/6/1 13:23,2018/6/5 0:08,2018/7/3 0:00
4044d99051c9cd7f9f00188ac0c829f2,3e4587cc2ed066dec42316af7e29c95f,delivered,2018-05-30 02:19:00,2018/5/30 2:35,2018/5/30 14:51,2018/6/11 17:23,2018/7/13 0:00
07edcfe51903bc7e23501f6b87f2bc46,758ca4ee2332bce93a8be678115f71aa,delivered,2018-05-30 14:08:00,2018/5/30 14:31,2018/6/1 6:12,2018/6/11 18:33,2018/7/25 0:00
9170795672365189693d65667780f9ed,bf60fa574e188373d3cb331d04aeb4f1,delivered,2018-05-30 16:13:00,2018/5/30 16:31,2018/6/4 14:24,2018/6/5 20:17,2018/6/25 0:00
192162688f179d526243e303ed01abe6,fe8b3a40ab3d9ea1b2e38aa24a324207,delivered,2018-05-30 13:00:00,2018/5/30 13:10,2018/5/30 16:21,2018/6/8 20:48,2018/7/16 0:00
65b2eeb525259ca3e5e6028075d8aa23,ead0ce31c9e113d7632ffbe5a6f86ff3,shipped,2018-05-30 15:00:00,2018/5/30 15:35,2018/6/1 19:03,,2018/6/25 0:00
bebb091883afc03b247e8e66a1f2dd8e,75c729bf6969221f84e47ef024ca25c8,delivered,2018-05-30 14:51:00,2018/5/30 15:11,2018/6/4 9:00,2018/6/14 18:02,2018/7/12 0:00
147941b96e61a2e7c02be8bf27b4cca1,e02fa85f41de6f8e420b317a7e3444a4,delivered,2018-05-30 07:58:00,2018/6/2 3:35,2018/6/4 15:12,2018/6/20 18:57,2018/7/5 0:00
2f83040c67a949dd65bb0c6489fab3b2,1de30f750d52014cba4852ebfff5902b,delivered,2018-05-30 14:49:00,2018/5/30 15:11,2018/6/4 13:26,2018/6/12 17:05,2018/7/3 0:00
d95d7dc42c0d8218358ebeabc7bb5dfc,275b7e2a536846171dae7ac0326847b6,delivered,2018-05-30 11:44:00,2018/5/30 11:55,2018/6/1 19:09,2018/6/2 20:42,2018/6/25 0:00
826c215c77d0299238e4a2d52a8f5a99,7af79c8f9ecbb3aa777e5688430cc480,delivered,2018-05-30 11:04:00,2018/5/30 11:15,2018/6/1 12:04,2018/6/14 20:34,2018/7/11 0:00
65035f2d005e9af22156150a3bde53b2,9a6b4a17865a6eb29c6787a1d5484568,delivered,2018-05-30 17:42:00,2018/5/30 17:58,2018/6/1 13:19,2018/6/11 21:49,2018/7/4 0:00
2143f0dfdbb1c47ab7c75c9c097e0173,587140b63abb380a13f3e008fb38ec09,delivered,2018-05-30 14:11:00,2018/5/30 14:31,2018/5/30 14:15,2018/6/3 17:40,2018/6/25 0:00
47aa0308326d0c781ffa998ee36dc409,c28e1de61c264a531a891b66e04ea092,delivered,2018-05-30 13:53:00,2018/5/31 3:15,2018/6/4 14:09,2018/6/6 20:41,2018/6/25 0:00
d44d01e695a204a2d7dc91ef82378e2b,4e1df5678ffe8d046237c2b2dcf5764b,delivered,2018-05-30 18:12:00,2018/5/30 18:31,2018/6/5 5:05,2018/6/12 17:28,2018/7/13 0:00
13ac325ed34b96835f8fed6e4db77a69,563efd05692357b476c05cf21186b991,delivered,2018-05-30 19:43:00,2018/6/1 8:51,2018/6/4 12:44,2018/6/11 18:38,2018/7/5 0:00
49b409b37fa9e707bd2bfc59a49ab7cd,857b7961ba24679a586fe875ea74ab44,delivered,2018-05-30 19:50:00,2018/5/30 20:14,2018/6/1 13:23,2018/6/11 19:18,2018/7/11 0:00
a96cff07025408618e8a121b1ba3273a,f2e32479d9ca95098b58d56ab1e41901,delivered,2018-05-30 15:04:00,2018/5/31 3:15,2018/6/4 15:13,2018/6/5 19:07,2018/6/25 0:00
1be187af7e77d6ee0671be02c229b679,8d1b923f85a34afac5bd669d50417602,delivered,2018-05-30 10:12:00,2018/5/30 10:30,2018/6/1 12:54,2018/6/14 20:46,2018/7/12 0:00
363f361d96879a18985ac3928c978159,03a3fed0e96dca44d3d9614a4c83103a,delivered,2018-05-30 21:52:00,2018/5/30 22:15,2018/6/5 12:31,2018/6/15 15:14,2018/7/11 0:00
e73a44dc71cb3d6dd54b77f318a96b39,cbed58dd8debcf99b6cc64c35063ad7f,delivered,2018-05-30 12:06:00,2018/5/30 12:17,2018/6/4 15:44,2018/6/11 16:22,2018/7/3 0:00
c3f76f14ce3587ab9df86c8caaac928c,f96e15f676d7314516ac863a42da8b4f,delivered,2018-05-30 13:49:00,2018/5/30 14:16,2018/6/1 9:05,2018/6/4 23:48,2018/6/18 0:00
3bb493e523dae107dd7c396489bcbd0b,34922a60c988e6e3a911229a89beca90,delivered,2018-05-30 14:54:00,2018/5/31 14:54,2018/6/1 14:39,2018/6/15 14:05,2018/7/18 0:00
22f4dea7b1810fd75107dad133794113,fc26c5fd980909cee638793d9936fdb8,delivered,2018-05-30 14:34:00,2018/5/30 14:57,2018/5/30 14:50,2018/6/1 21:16,2018/6/25 0:00
cc812bc2c7f8350a08add17abe7bcc84,bee1e23957cf75da376d033c4e2ba724,delivered,2018-05-30 12:54:00,2018/5/30 13:09,2018/6/1 14:40,2018/6/21 18:26,2018/7/11 0:00
177a359958777d9b5cebb4257016c35c,6326db5a7fa1bed7b29c5a8c08a3d4c9,delivered,2018-05-30 23:33:00,2018/5/30 23:50,2018/6/1 6:42,2018/6/6 21:07,2018/7/11 0:00
0f275b411f77d6ea9ac2132609f4a332,9229b64a5b32e5a03c5f13463f2e256f,delivered,2018-05-30 17:44:00,2018/5/31 3:15,2018/6/5 11:09,2018/6/7 22:51,2018/6/25 0:00
176047e99b8d67f011ec8cf606497f41,f1d38e8625e7be8d56728a32ff69ca4e,delivered,2018-05-30 16:12:00,2018/5/30 17:57,2018/6/4 13:10,2018/6/14 21:52,2018/7/13 0:00
d88b9341f5972a9d4a17aac4b623476c,89df8b7264f654f2a8b05894acffce11,delivered,2018-05-30 12:01:00,2018/5/30 12:17,2018/6/1 13:51,2018/6/6 19:04,2018/7/11 0:00
7be1e90857091733dbf1e7d916c84e01,8671986388f0f80dd9df3a6ed04d9a45,delivered,2018-05-30 16:57:00,2018/5/30 17:57,2018/6/1 13:23,2018/6/12 17:51,2018/7/3 0:00
e8a8ff2fda1e5eeeed6e56a9a882f648,86eb5f9093235e1e5e2f6db715b98ac8,delivered,2018-05-30 15:58:00,2018/5/30 16:16,2018/6/2 8:57,2018/6/19 18:22,2018/7/17 0:00
43b9e48ec7fc386f9083ac3153363103,1f52344e101d65f925fc24b8ef736f9f,delivered,2018-05-30 17:40:00,2018/5/30 17:57,2018/6/1 10:46,2018/6/7 17:05,2018/7/3 0:00
0807e3831ca17d1d980903674c61d019,0e24c21be3703d83ec0cccc0a4128d03,delivered,2018-05-30 19:55:00,2018/5/30 20:14,2018/6/7 14:50,2018/6/8 17:36,2018/6/25 0:00
0cedce314f08f29c07de4eff348e16bc,b817bff4fb17d66f0e9f00c5a0a2553c,delivered,2018-05-30 14:03:00,2018/5/30 14:16,2018/6/1 15:05,2018/6/12 17:08,2018/7/12 0:00
58317a8b3dfbcadbd945cb80dda94304,f559081f10290cf844cd5875a8524e18,delivered,2018-05-30 01:23:00,2018/5/30 1:33,2018/5/30 10:23,2018/6/6 19:05,2018/7/20 0:00
129b63bc323d7b5b2965a143b2e72cc7,b1aa2abda32e707cb5c7ab57203e4fec,delivered,2018-05-30 14:33:00,2018/5/30 14:57,2018/5/30 14:33,2018/6/8 13:58,2018/7/5 0:00
fc47141e198b2f83882cef0cbbea6886,1e3a55090ca74ba9eb7030a2d7994569,delivered,2018-05-30 23:59:00,2018/5/31 0:16,2018/6/6 14:03,2018/6/13 17:41,2018/6/26 0:00
7efbb24e555922671a42a89180286583,17d00a6f67b69339cddcd4fc49c84f9f,delivered,2018-05-30 22:12:00,2018/5/31 1:50,2018/6/1 13:49,2018/6/2 12:41,2018/7/5 0:00
8898a51e0e6b578277a7c20d5b31877b,17298835e7756f3763fac2562d2adf33,delivered,2018-05-30 21:37:00,2018/6/1 10:11,2018/6/4 13:27,2018/6/21 20:12,2018/7/13 0:00
844b7b992358a3a30d677ea0025e7471,2df20d16a7c4d40a357959f64b76a7c3,delivered,2018-05-30 19:18:00,2018/5/30 19:35,2018/6/5 16:46,2018/6/6 22:07,2018/6/25 0:00
f05ef3ecdb7796d93e204c0a7ab76759,98fb13b264449f06da6834b86e0693a8,delivered,2018-05-30 20:36:00,2018/5/30 20:55,2018/6/1 13:51,2018/6/6 19:39,2018/7/12 0:00
dcb51f5ff38464ec48e4782c034846c9,909949a94b1c563c0b8880febea5e485,delivered,2018-05-30 11:10:00,2018/5/30 11:37,2018/5/30 14:03,2018/6/11 16:46,2018/7/11 0:00
695bdd39d2b8c25bb80207a161ed8086,787105d518a38470555bbfe1978b63f9,delivered,2018-05-30 20:36:00,2018/6/1 14:32,2018/6/11 14:33,2018/6/15 11:38,2018/7/12 0:00
67635ee59cc01a1b24d94ab2533d2823,d7035146da2ec73187aa9140b20c7c27,delivered,2018-05-30 16:29:00,2018/5/30 17:57,2018/6/5 8:32,2018/6/23 13:08,2018/7/17 0:00
2dd8a69d1eb8ea62bdddc073c4e80ab1,5e57e7fd729379e69ced54d4818e7f92,delivered,2018-05-30 19:19:00,2018/5/31 3:35,2018/6/1 15:13,2018/6/6 18:14,2018/7/5 0:00
186ff84d5b5b50a2d790cabc5800b9d1,58281a0f2e7cf112033f164b20034665,delivered,2018-05-30 09:00:00,2018/5/30 9:35,2018/5/30 10:05,2018/6/4 18:20,2018/6/25 0:00
9292a5004e4adeb999700abae47eb13b,3048281f246c7e5342d10ac837c5c8ee,delivered,2018-05-30 14:32:00,2018/5/30 14:57,2018/5/30 13:40,2018/6/11 18:32,2018/7/13 0:00
2e355f2c21d0eadf3b8202cb969363c7,567edfb9219ec706653d253ba2759119,delivered,2018-05-30 23:21:00,2018/5/30 23:35,2018/6/1 11:53,2018/6/7 19:16,2018/7/4 0:00
e0e918bb13679f116c452a05b47151e9,d5879d3a1c4afa3089af92330d2ba438,delivered,2018-05-30 20:33:00,2018/5/30 20:55,2018/6/7 14:14,2018/6/11 23:08,2018/7/17 0:00
6b84d210abf237ef478dd4f1b0f4c10b,39185bd4718b6a5459a822c7698891cb,delivered,2018-05-30 20:36:00,2018/5/30 20:55,2018/6/4 14:42,2018/6/12 14:11,2018/7/20 0:00
fd79284ba0bd11e560e236f939640143,f722f83d0923ea785b61ed0cbdf0bc3e,delivered,2018-05-30 10:44:00,2018/5/30 10:56,2018/6/5 11:50,2018/6/13 18:48,2018/7/13 0:00
7b08446d3c48c10ae15e7d09e16e725a,782cddca87150c8ef0de9f360ffb7bf5,delivered,2018-05-30 13:42:00,2018/5/30 14:20,2018/6/1 12:23,2018/6/19 0:57,2018/7/23 0:00
4a64b07f28105fb8ff33ad6f91f4b2c8,cc8b0712a7ec5ad6c11c9dc377a22fdd,delivered,2018-05-30 10:18:00,2018/5/31 3:10,2018/6/8 9:48,2018/6/11 19:28,2018/7/16 0:00
05af503aea07ddc5530506f2c349756f,5c92329a45f0d22c263d98a8ce845cd8,delivered,2018-05-30 20:50:00,2018/5/30 21:10,2018/6/1 8:53,2018/6/13 21:12,2018/6/25 0:00
2ac520de90670f0cb695af6630a00c4a,66bd9b38f2219cd1108930c3cc1df43b,delivered,2018-05-30 15:41:00,2018/5/30 15:55,2018/5/30 14:55,2018/6/14 17:28,2018/7/3 0:00
ce182b138eec89ddd69e9fca1c900aae,5b7f75e63b3845cc1e306d5f667d69b7,delivered,2018-05-30 12:42:00,2018/5/31 3:15,2018/6/1 16:43,2018/6/15 21:06,2018/7/25 0:00
c1642f56f39a87a53527bc120e231299,981408ecd1bd02aa4bb69a5f85c452a3,delivered,2018-05-30 20:33:00,2018/5/30 20:55,2018/6/1 18:28,2018/6/13 17:41,2018/7/11 0:00
d80681e64c64ae8f7056f86223e646b7,71f089d61cea57c60865409a6adefec0,delivered,2018-05-30 09:03:00,2018/5/30 9:35,2018/5/30 12:30,2018/6/5 17:19,2018/6/25 0:00
20406ee2d530e69d8cbbb87409cc609f,69e2b2d99d8483a0f04bfea21b2f78ac,delivered,2018-05-30 11:23:00,2018/5/30 11:37,2018/6/15 13:35,2018/6/23 17:28,2018/7/19 0:00
454fc309e2afec5ce697014d9193afbc,2f317c9ccc4b07db3391be0c01ac4a3d,delivered,2018-05-30 15:31:00,2018/5/30 15:55,2018/6/4 6:16,2018/6/29 17:52,2018/8/2 0:00
b528343ff0b10c32c5c7baf68f6536ba,df95b7d6f8593ea6ba264820941935ae,delivered,2018-05-30 14:58:00,2018/5/30 15:15,2018/6/1 14:59,2018/6/4 18:08,2018/7/3 0:00
b59976950624cdf5b8be6b9fddcb2460,8fa1188232c7e51082b4786190ac3e38,delivered,2018-05-30 18:42:00,2018/5/30 18:55,2018/6/4 6:50,2018/6/7 20:41,2018/7/5 0:00
a6e9b80a7636eb8dd592dbb3e20d0a91,17ab24e33d80fb0660f01a61de8a2fc0,delivered,2018-05-30 09:11:00,2018/5/30 9:35,2018/5/30 14:19,2018/6/11 21:48,2018/7/13 0:00
57323a7f9df2ab8eabf8fb751d3f2334,c7f2968561f5d98aedb2b35aa91acb29,delivered,2018-05-30 16:11:00,2018/5/30 17:57,2018/6/11 15:16,2018/6/12 18:38,2018/6/25 0:00
0b4ed5311f55b9b8f0f30b35e5b45dbd,3e3196d8c97e8351de8a7a3bc0d06211,delivered,2018-05-30 22:55:00,2018/5/30 23:10,2018/6/1 14:14,2018/6/8 20:20,2018/7/20 0:00
0a65a87966cf47b05a559b462c8754dc,d5474fd02ad681bd3aa0e1f62b962b4f,delivered,2018-05-30 11:19:00,2018/5/31 3:15,2018/6/4 15:31,2018/6/5 12:52,2018/6/25 0:00
6e28885b3b46ef6ae9dfa9209e1c8c48,7c3944f1b25c635da4e81b7e2c712a7f,delivered,2018-05-30 16:02:00,2018/5/30 16:16,2018/6/4 13:33,2018/6/19 13:58,2018/7/16 0:00
13ce7f4beebc91755492c12e77093d10,e8044b8d644927aa85a0eacf725fcf99,delivered,2018-05-30 11:33:00,2018/6/5 4:12,2018/6/5 13:12,2018/6/13 21:03,2018/7/4 0:00
5ed3ad68a6b539929adf6d324f01ff01,26c3ccb63c6e599268b153a87eb1bb49,delivered,2018-05-30 18:29:00,2018/5/30 19:51,2018/6/1 14:11,2018/6/15 22:07,2018/7/11 0:00
061eb3fa9ee22a8dc3c90060e5a637c9,2ec58f2c612ff2a103859e7615e10a52,delivered,2018-05-30 12:06:00,2018/5/30 12:29,2018/5/30 14:55,2018/6/12 17:34,2018/7/3 0:00
6529965e47097fe5bb0be908e7c43e9a,fdb42e759b6b954dd8a7e02b1df517f4,delivered,2018-05-30 22:08:00,2018/5/30 22:30,2018/6/1 13:43,2018/6/6 17:32,2018/7/3 0:00
34d4da466936ae5ef87386c007f7cc0e,3c77d8084d2a940ae106c3008590602c,delivered,2018-05-30 11:48:00,2018/5/30 12:17,2018/6/1 14:19,2018/6/7 19:16,2018/7/3 0:00
d6370a08f64a1248435649bd37eae011,17f4aec6b201b05577ea4cf3879a6375,delivered,2018-05-30 15:53:00,2018/5/30 16:16,2018/6/1 14:37,2018/6/3 16:32,2018/6/25 0:00
42f4cf7ee7d96f2d2465b6f203e531ba,835290f13da9e4cef839def4f4fdfb20,delivered,2018-05-30 21:33:00,2018/5/30 21:50,2018/6/1 10:14,2018/6/5 4:03,2018/6/25 0:00
a67709a381f98fdb878825f92a95128e,c88c6060cc61e64275dcc22da352122a,delivered,2018-05-30 16:13:00,2018/5/30 16:30,2018/6/1 14:08,2018/7/3 17:21,2018/7/5 0:00
089896265e5395ee8335f9f417a7f6c0,b76858182a9cd7f6c1ba482c53fdd2ee,delivered,2018-05-30 16:15:00,2018/6/1 18:35,2018/6/11 14:33,2018/6/18 23:22,2018/7/12 0:00
74de5414be822d0c843d1c6d9efffe34,fe5dc051e7c0d5a9a5d90157b301df69,delivered,2018-05-30 09:25:00,2018/5/30 9:35,2018/6/14 15:21,2018/6/21 18:22,2018/7/5 0:00
3c55e82098814e81a8a9314b9ebd0be4,72d4944fcf1d48d6098ae39caa4f4bf4,delivered,2018-05-30 19:25:00,2018/5/30 19:50,2018/6/4 11:39,2018/6/8 23:03,2018/6/25 0:00
b8c6df4a73d185bc84d6517d5e0577fc,45c85530e9c2aa38d1032295ab5b43a7,delivered,2018-05-30 11:44:00,2018/5/30 11:55,2018/6/12 11:18,2018/6/13 15:32,2018/7/20 0:00
371931d44f8feff2b43b4e9ad3c6c5d2,bcfa639fc30b68c41e6862db761ff9dd,delivered,2018-05-30 21:50:00,2018/5/30 22:15,2018/6/1 13:17,2018/6/30 11:26,2018/7/11 0:00
2db6682455f3a6b47b5202e00c855789,4dc417fbc348bf334bb2d066ab22efa1,delivered,2018-05-30 09:46:00,2018/5/31 3:36,2018/6/5 8:27,2018/6/13 0:05,2018/7/11 0:00
a786e0a4cada3f2704a7c932bfc3ea21,935ff0649831ec6ad670f1d3cc9235e2,delivered,2018-05-30 13:41:00,2018/5/30 13:50,2018/6/1 9:57,2018/6/3 15:44,2018/6/25 0:00
635ed45a717c546a1bea54c32c7d2ff7,f36390aa9b8a7709d98fae3bf92ebd1e,delivered,2018-05-30 14:30:00,2018/5/30 14:57,2018/6/1 10:37,2018/6/4 18:02,2018/6/25 0:00
f5c689533bee49ee840a49ecfb066b24,123b6048837fa953150255ef6a2efbb3,delivered,2018-05-30 21:29:00,2018/5/30 21:50,2018/6/4 13:44,2018/6/15 10:39,2018/7/11 0:00
ddd20a4c7ae0b71b01db1844ef9659cd,eeb9b95b099466660703b2c2778050e6,delivered,2018-05-30 07:56:00,2018/5/31 3:35,2018/6/18 15:15,2018/6/28 11:22,2018/7/27 0:00
c4e6c7d111d17798aa897ace9fdb33f3,639702fc05e25649d160ea04264a8155,delivered,2018-05-30 11:40:00,2018/5/30 11:50,2018/6/5 14:15,2018/6/16 17:20,2018/7/26 0:00
191d8d46583f6f363ede63402686d936,1f9782734bacba3b67fae560dd17f903,delivered,2018-05-30 12:43:00,2018/5/30 12:56,2018/6/6 12:24,2018/6/14 19:12,2018/7/5 0:00
d520a55c30b5d51d1648d242d1f2b554,cb2b9d2644c16b5823022e6f1db1fd21,delivered,2018-05-30 15:47:00,2018/5/31 3:35,2018/6/4 13:20,2018/6/27 14:22,2018/7/12 0:00
1b261283b06863bfaa62bf25bb1da580,3010e9b6775bb87d015542bcf92276d1,delivered,2018-05-30 18:06:00,2018/5/30 18:31,2018/6/1 15:13,2018/6/12 12:14,2018/7/17 0:00
a6f396e6584d25c2b097d0dcd625f10f,88df1c39c26b0578e421d3a71a412891,delivered,2018-05-30 18:14:00,2018/6/1 8:51,2018/6/1 12:01,2018/6/12 21:05,2018/7/11 0:00
dfbf71de5b6a2870e87371cdadeb828a,6db6743bb811ce44727fe1176ae8f64d,delivered,2018-05-30 00:26:00,2018/5/30 0:54,2018/5/30 14:45,2018/6/30 17:35,2018/7/18 0:00
920a775204d54696910a3056ff090942,81bebc06bc7bb674fa6353451be2a23b,delivered,2018-05-30 21:13:00,2018/6/5 3:50,2018/6/5 14:06,2018/7/10 16:51,2018/7/23 0:00
5bd233924f0b9c52492bd5a92e5ab2d3,d7475a536385854da614094f0bf12275,delivered,2018-05-30 13:23:00,2018/5/31 3:15,2018/6/4 6:16,2018/6/14 22:49,2018/7/13 0:00
